Build started 04/04/2026 20:41:46.
Environment at start of build:
MSBUILDFAILONDRIVEENUMERATINGWILDCARD = 1
MSBuildExtensionsPath = C:\Program Files\dotnet\sdk\10.0.201\
MSBuildLoadMicrosoftTargetsReadOnly = true
MSBUILDUSESERVER = 0
DOTNET_CLI_TELEMETRY_SESSIONID = 486eef30-9be9-4f75-a993-0ddd8f507d37
DOTNET_HOST_PATH = C:\Program Files\dotnet\dotnet.exe
MSBuildSDKsPath = C:\Program Files\dotnet\sdk\10.0.201\Sdks

Logging verbosity is set to: Diagnostic.20:41:46.691     0>Terminal Logger was not used because the output is being redirected to a file.
                   Process = "C:\Program Files\dotnet\dotnet.exe"
                   MSBuild executable path = "C:\Program Files\dotnet\sdk\10.0.201\MSBuild.dll"
                   Command line arguments = "C:\Program Files\dotnet\sdk\10.0.201\MSBuild.dll -maxcpucount --verbosity:m -tlp:default=auto --property:Configuration=Debug --property:Platform=x64 --target:MarkupCompilePass1 Mixr.App\Mixr.App.csproj -fl -flp:logfile=mixr_xaml.log;verbosity=diagnostic -distributedlogger:Microsoft.DotNet.Cli.Commands.MSBuild.MSBuildLogger,C:\Program Files\dotnet\sdk\10.0.201\dotnet.dll*Microsoft.DotNet.Cli.Commands.MSBuild.MSBuildForwardingLogger,C:\Program Files\dotnet\sdk\10.0.201\dotnet.dll"
                   Current directory = "C:\Users\paulm\.mainroot\Mixr"
                   MSBuild version = "18.3.0-release-26153-122+4d3023de6"
                   Based on the Windows registry key LongPathsEnabled, the LongPaths feature is disabled.
                   Based on the Windows registry key VerifiedAndReputablePolicyState, SAC state = 0: turned off.
                   The SDK "Microsoft.NET.Sdk" was successfully resolved by the "DefaultSdkResolver" resolver to location "C:\Program Files\dotnet\sdk\10.0.201\Sdks\Microsoft.NET.Sdk\Sdk" and version "".
                   C:\Program Files\dotnet\sdk\10.0.201\Sdks\Microsoft.NET.Sdk\Sdk\Sdk.props(49,11): message : Property 'MSBuildExtensionsPath' with value 'C:\Program Files\dotnet\sdk\10.0.201\' expanded from the environment.
                   C:\Program Files\dotnet\sdk\10.0.201\Current\Microsoft.Common.props(60,5): message : Property reassignment: $(MSBuildProjectExtensionsPath)="C:\Users\paulm\.mainroot\Mixr\Mixr.App\obj\" (previous value: "obj\") at C:\Program Files\dotnet\sdk\10.0.201\Current\Microsoft.Common.props (60,5)
                   Assembly loaded during Evaluation: System.Threading.Tasks.Parallel, Version=10.0.0.0, Culture=neutral, PublicKeyToken=b03f5f7f11d50a3a (location: C:\Program Files\dotnet\shared\Microsoft.NETCore.App\10.0.5\System.Threading.Tasks.Parallel.dll, MVID: 5bd459e2-2741-47c1-827e-e155dad5f942, AssemblyLoadContext: Default)
                   Assembly loaded during Evaluation: System.Threading.ThreadPool, Version=10.0.0.0, Culture=neutral, PublicKeyToken=b03f5f7f11d50a3a (location: C:\Program Files\dotnet\shared\Microsoft.NETCore.App\10.0.5\System.Threading.ThreadPool.dll, MVID: 2fd1f98a-321b-4d11-9119-f3b9818d27b3, AssemblyLoadContext: Default)
                   C:\Users\paulm\.mainroot\Mixr\Mixr.App\obj\Mixr.App.csproj.nuget.g.props(7,5): message : Property 'USERPROFILE' with value 'C:\Users\paulm' expanded from the environment.
                   C:\Users\paulm\.nuget\packages\microsoft.windows.sdk.buildtools\10.0.22621.756\buildTransitive\Microsoft.Windows.SDK.BuildTools.props(4,37): message : Property 'PROCESSOR_ARCHITECTURE' with value 'AMD64' expanded from the environment.
                   C:\Users\paulm\.nuget\packages\microsoft.windowsappsdk\1.6.240829007\buildTransitive\Microsoft.UI.Xaml.Markup.Compiler.props(15,5): message : Property reassignment: $(CustomBeforeMicrosoftCommonTargets)="C:\Users\paulm\.nuget\packages\microsoft.windowsappsdk\1.6.240829007\buildTransitive\Microsoft.UI.Xaml.Markup.Compiler.BeforeCommon.targets" (previous value: "C:\Users\paulm\.nuget\packages\microsoft.windowsappsdk\1.6.240829007\buildTransitive\Microsoft.Build.Msix.props") at C:\Users\paulm\.nuget\packages\microsoft.windowsappsdk\1.6.240829007\buildTransitive\Microsoft.UI.Xaml.Markup.Compiler.props (15,5)
                   C:\Program Files\dotnet\sdk\10.0.201\Current\Microsoft.Common.props(84,119): message : Property 'MSBuildUserExtensionsPath' with value 'C:\Users\paulm\AppData\Local\Microsoft\MSBuild' expanded from the environment.
                   The "Configuration" property is a global property, and cannot be modified.
                   The "Platform" property is a global property, and cannot be modified.
                   The "Configuration" property is a global property, and cannot be modified.
                   The "Platform" property is a global property, and cannot be modified.
                   C:\Program Files\dotnet\sdk\10.0.201\Sdks\Microsoft.NET.Sdk\targets\Microsoft.NET.Sdk.props(90,5): message : Property reassignment: $(AssemblySearchPaths)="{CandidateAssemblyFiles};{HintPathFromItem}" (previous value: "{CandidateAssemblyFiles}") at C:\Program Files\dotnet\sdk\10.0.201\Sdks\Microsoft.NET.Sdk\targets\Microsoft.NET.Sdk.props (90,5)
                   C:\Program Files\dotnet\sdk\10.0.201\Sdks\Microsoft.NET.Sdk\targets\Microsoft.NET.Sdk.props(91,5): message : Property reassignment: $(AssemblySearchPaths)="{CandidateAssemblyFiles};{HintPathFromItem};{TargetFrameworkDirectory}" (previous value: "{CandidateAssemblyFiles};{HintPathFromItem}") at C:\Program Files\dotnet\sdk\10.0.201\Sdks\Microsoft.NET.Sdk\targets\Microsoft.NET.Sdk.props (91,5)
                   C:\Program Files\dotnet\sdk\10.0.201\Sdks\Microsoft.NET.Sdk\targets\Microsoft.NET.Sdk.props(92,5): message : Property reassignment: $(AssemblySearchPaths)="{CandidateAssemblyFiles};{HintPathFromItem};{TargetFrameworkDirectory};{RawFileName}" (previous value: "{CandidateAssemblyFiles};{HintPathFromItem};{TargetFrameworkDirectory}") at C:\Program Files\dotnet\sdk\10.0.201\Sdks\Microsoft.NET.Sdk\targets\Microsoft.NET.Sdk.props (92,5)
                   Assembly loaded during Evaluation: System.Net.Sockets, Version=10.0.0.0, Culture=neutral, PublicKeyToken=b03f5f7f11d50a3a (location: C:\Program Files\dotnet\shared\Microsoft.NETCore.App\10.0.5\System.Net.Sockets.dll, MVID: 96e8b77c-f6f0-4579-b31e-e5bd830b36a3, AssemblyLoadContext: Default)
                   The "DefaultSdkResolver" resolver attempted to resolve the SDK "Microsoft.NET.SDK.WorkloadAutoImportPropsLocator".
                   Warnings: null
                   Errors: MSB4276: The default SDK resolver failed to resolve SDK "Microsoft.NET.SDK.WorkloadAutoImportPropsLocator" because directory "C:\Program Files\dotnet\sdk\10.0.201\Sdks\Microsoft.NET.SDK.WorkloadAutoImportPropsLocator\Sdk" did not exist.
                   Assembly loaded during Evaluation: System.Threading.Overlapped, Version=10.0.0.0, Culture=neutral, PublicKeyToken=b03f5f7f11d50a3a (location: C:\Program Files\dotnet\shared\Microsoft.NETCore.App\10.0.5\System.Threading.Overlapped.dll, MVID: 1c44937d-d3f3-4c2f-ad04-852de053e661, AssemblyLoadContext: Default)
                   Assembly loaded during Evaluation: Microsoft.Build.NuGetSdkResolver, Version=7.3.0.0, Culture=neutral, PublicKeyToken=31bf3856ad364e35 (location: C:\Program Files\dotnet\sdk\10.0.201\Microsoft.Build.NuGetSdkResolver.dll, MVID: 27d8fe80-3755-4103-8cd8-2558fcde1f3e, AssemblyLoadContext: MSBuild plugin C:\Program Files\dotnet\sdk\10.0.201\Microsoft.Build.NuGetSdkResolver.dll)
                   Assembly loaded during Evaluation: System.Reflection.Metadata, Version=10.0.0.0, Culture=neutral, PublicKeyToken=b03f5f7f11d50a3a (location: C:\Program Files\dotnet\shared\Microsoft.NETCore.App\10.0.5\System.Reflection.Metadata.dll, MVID: 4e61a6ff-8e69-4b91-818c-30d30446243f, AssemblyLoadContext: Default)
                   Assembly loaded during Evaluation: NuGet.Common, Version=7.3.0.0, Culture=neutral, PublicKeyToken=31bf3856ad364e35 (location: C:\Program Files\dotnet\sdk\10.0.201\NuGet.Common.dll, MVID: 678ca447-e461-409c-b2e4-33ae4a4c5189, AssemblyLoadContext: MSBuild plugin C:\Program Files\dotnet\sdk\10.0.201\Microsoft.Build.NuGetSdkResolver.dll)
                   Assembly loaded during Evaluation: Microsoft.NET.Sdk.WorkloadMSBuildSdkResolver, Version=10.0.201.0, Culture=neutral, PublicKeyToken=31bf3856ad364e35 (location: C:\Program Files\dotnet\sdk\10.0.201\Microsoft.NET.Sdk.WorkloadMSBuildSdkResolver.dll, MVID: e8438f74-7d84-47c0-916c-7ea1027a51ae, AssemblyLoadContext: MSBuild plugin C:\Program Files\dotnet\sdk\10.0.201\Microsoft.NET.Sdk.WorkloadMSBuildSdkResolver.dll)
                   Assembly loaded during Evaluation: Microsoft.DotNet.Cli.Utils, Version=10.0.201.0, Culture=neutral, PublicKeyToken=adb9793829ddae60 (location: C:\Program Files\dotnet\sdk\10.0.201\Microsoft.DotNet.Cli.Utils.dll, MVID: d4efc679-0a9a-4f93-9e81-b1a8fdde8319, AssemblyLoadContext: MSBuild plugin C:\Program Files\dotnet\sdk\10.0.201\Microsoft.NET.Sdk.WorkloadMSBuildSdkResolver.dll)
                   Assembly loaded during Evaluation: Microsoft.NET.Sdk.WorkloadManifestReader, Version=10.0.201.0, Culture=neutral, PublicKeyToken=adb9793829ddae60 (location: C:\Program Files\dotnet\sdk\10.0.201\Microsoft.NET.Sdk.WorkloadManifestReader.dll, MVID: ac95c9e3-e303-461d-9629-d08ab70a5e3b, AssemblyLoadContext: MSBuild plugin C:\Program Files\dotnet\sdk\10.0.201\Microsoft.NET.Sdk.WorkloadMSBuildSdkResolver.dll)
                   Assembly loaded during Evaluation: Microsoft.Deployment.DotNet.Releases, Version=2.0.0.0, Culture=neutral, PublicKeyToken=31bf3856ad364e35 (location: C:\Program Files\dotnet\sdk\10.0.201\Microsoft.Deployment.DotNet.Releases.dll, MVID: 995f35ea-2776-49c2-8f82-f6e2d9e87162, AssemblyLoadContext: MSBuild plugin C:\Program Files\dotnet\sdk\10.0.201\Microsoft.NET.Sdk.WorkloadMSBuildSdkResolver.dll)
                   Assembly loaded during Evaluation: System.Diagnostics.StackTrace, Version=10.0.0.0, Culture=neutral, PublicKeyToken=b03f5f7f11d50a3a (location: C:\Program Files\dotnet\shared\Microsoft.NETCore.App\10.0.5\System.Diagnostics.StackTrace.dll, MVID: d1f7663c-8c54-4061-b3d7-2724246c1195, AssemblyLoadContext: Default)
                   The SDK "Microsoft.NET.SDK.WorkloadAutoImportPropsLocator" was successfully resolved by the "Microsoft.DotNet.MSBuildWorkloadSdkResolver" resolver to location "null" and version "null".
                   C:\Users\paulm\.mainroot\Mixr\Mixr.App\Mixr.App.csproj(3,5): message : Property reassignment: $(OutputType)="WinExe" (previous value: "Library") at C:\Users\paulm\.mainroot\Mixr\Mixr.App\Mixr.App.csproj (3,5)
                   C:\Users\paulm\.mainroot\Mixr\Mixr.App\Mixr.App.csproj(7,5): message : Property reassignment: $(RootNamespace)="Mixr_App" (previous value: "Mixr.App") at C:\Users\paulm\.mainroot\Mixr\Mixr.App\Mixr.App.csproj (7,5)
                   C:\Users\paulm\.mainroot\Mixr\Mixr.App\Mixr.App.csproj(8,5): message : Property reassignment: $(AssemblyName)="Mixr" (previous value: "Mixr.App") at C:\Users\paulm\.mainroot\Mixr\Mixr.App\Mixr.App.csproj (8,5)
                   C:\Users\paulm\.mainroot\Mixr\Mixr.App\Mixr.App.csproj(10,5): message : Property reassignment: $(Platforms)="x64" (previous value: "AnyCPU") at C:\Users\paulm\.mainroot\Mixr\Mixr.App\Mixr.App.csproj (10,5)
                   C:\Users\paulm\.mainroot\Mixr\Mixr.App\Mixr.App.csproj(23,5): message : Property reassignment: $(AllowUnsafeBlocks)="true" (previous value: "false") at C:\Users\paulm\.mainroot\Mixr\Mixr.App\Mixr.App.csproj (23,5)
                   C:\Users\paulm\.mainroot\Mixr\Mixr.App\Mixr.App.csproj(26,5): message : Property reassignment: $(NoWarn)="1701;1702;MSB3277" (previous value: "1701;1702") at C:\Users\paulm\.mainroot\Mixr\Mixr.App\Mixr.App.csproj (26,5)
                   C:\Users\paulm\.mainroot\Mixr\Mixr.App\Mixr.App.csproj(28,5): message : Property reassignment: $(DefineConstants)="TRACE;DISABLE_XAML_GENERATED_MAIN" (previous value: "TRACE") at C:\Users\paulm\.mainroot\Mixr\Mixr.App\Mixr.App.csproj (28,5)
                   The "Configuration" property is a global property, and cannot be modified.
                   The "Platform" property is a global property, and cannot be modified.
                   The "Platform" property is a global property, and cannot be modified.
                   Assembly loaded during Evaluation: NuGet.Frameworks, Version=7.3.0.0, Culture=neutral, PublicKeyToken=31bf3856ad364e35 (location: C:\Program Files\dotnet\sdk\10.0.201\NuGet.Frameworks.dll, MVID: d6a61154-f824-438f-bc4d-b42d8d809547, AssemblyLoadContext: Assembly.LoadFile(C:\Program Files\dotnet\sdk\10.0.201\NuGet.Frameworks.dll))
                   C:\Program Files\dotnet\sdk\10.0.201\Sdks\Microsoft.NET.Sdk\targets\Microsoft.NET.TargetFrameworkInference.targets(84,5): message : Property reassignment: $(TargetPlatformIdentifier)="Windows" (previous value: "windows") at C:\Program Files\dotnet\sdk\10.0.201\Sdks\Microsoft.NET.Sdk\targets\Microsoft.NET.TargetFrameworkInference.targets (84,5)
                   C:\Program Files\dotnet\sdk\10.0.201\Sdks\Microsoft.NET.Sdk\targets\Microsoft.NET.DefaultOutputPaths.targets(127,5): message : Property reassignment: $(DefaultItemExcludes)=";bin\x64\Debug\/**;obj\x64\Debug\/**" (previous value: ";bin\x64\Debug\/**") at C:\Program Files\dotnet\sdk\10.0.201\Sdks\Microsoft.NET.Sdk\targets\Microsoft.NET.DefaultOutputPaths.targets (127,5)
                   C:\Program Files\dotnet\sdk\10.0.201\Sdks\Microsoft.NET.Sdk\targets\Microsoft.NET.DefaultOutputPaths.targets(142,5): message : Property reassignment: $(OutputPath)="bin\x64\Debug\net9.0-windows10.0.22621.0\" (previous value: "bin\x64\Debug\") at C:\Program Files\dotnet\sdk\10.0.201\Sdks\Microsoft.NET.Sdk\targets\Microsoft.NET.DefaultOutputPaths.targets (142,5)
                   C:\Program Files\dotnet\sdk\10.0.201\Sdks\Microsoft.NET.Sdk\targets\Microsoft.NET.DefaultOutputPaths.targets(147,5): message : Property reassignment: $(IntermediateOutputPath)="obj\x64\Debug\net9.0-windows10.0.22621.0\" (previous value: "obj\x64\Debug\") at C:\Program Files\dotnet\sdk\10.0.201\Sdks\Microsoft.NET.Sdk\targets\Microsoft.NET.DefaultOutputPaths.targets (147,5)
                   The "DefaultSdkResolver" resolver attempted to resolve the SDK "Microsoft.NET.SDK.WorkloadManifestTargetsLocator".
                   Warnings: null
                   Errors: MSB4276: The default SDK resolver failed to resolve SDK "Microsoft.NET.SDK.WorkloadManifestTargetsLocator" because directory "C:\Program Files\dotnet\sdk\10.0.201\Sdks\Microsoft.NET.SDK.WorkloadManifestTargetsLocator\Sdk" did not exist.
                   The SDK "Microsoft.NET.SDK.WorkloadManifestTargetsLocator" was successfully resolved by the "Microsoft.DotNet.MSBuildWorkloadSdkResolver" resolver to location "C:\Program Files\dotnet\sdk-manifests\10.0.100\microsoft.net.sdk.android\36.1.30" and version "null".
                   C:\Program Files\dotnet\sdk\10.0.201\Sdks\Microsoft.NET.Sdk\targets\Microsoft.NET.RuntimeIdentifierInference.targets(401,5): message : Property reassignment: $(IntermediateOutputPath)="obj\x64\Debug\net9.0-windows10.0.22621.0\win-x64\" (previous value: "obj\x64\Debug\net9.0-windows10.0.22621.0\") at C:\Program Files\dotnet\sdk\10.0.201\Sdks\Microsoft.NET.Sdk\targets\Microsoft.NET.RuntimeIdentifierInference.targets (401,5)
                   C:\Program Files\dotnet\sdk\10.0.201\Sdks\Microsoft.NET.Sdk\targets\Microsoft.NET.RuntimeIdentifierInference.targets(402,5): message : Property reassignment: $(OutputPath)="bin\x64\Debug\net9.0-windows10.0.22621.0\win-x64\" (previous value: "bin\x64\Debug\net9.0-windows10.0.22621.0\") at C:\Program Files\dotnet\sdk\10.0.201\Sdks\Microsoft.NET.Sdk\targets\Microsoft.NET.RuntimeIdentifierInference.targets (402,5)
                   C:\Program Files\dotnet\sdk\10.0.201\Sdks\Microsoft.NET.Sdk\targets\Microsoft.NET.Sdk.BeforeCommon.targets(379,5): message : Property reassignment: $(RoslynTargetsPath)="C:\Program Files\dotnet\sdk\10.0.201\Sdks\Microsoft.NET.Sdk\targets\..\..\..\Roslyn" (previous value: "C:\Program Files\dotnet\sdk\10.0.201\Roslyn") at C:\Program Files\dotnet\sdk\10.0.201\Sdks\Microsoft.NET.Sdk\targets\Microsoft.NET.Sdk.BeforeCommon.targets (379,5)
                   C:\Program Files\dotnet\sdk\10.0.201\Roslyn\Microsoft.Managed.Core.targets(6,5): message : Property reassignment: $(_BuildTasksDirectory)="C:\Program Files\dotnet\sdk\10.0.201\Sdks\Microsoft.NET.Sdk\targets\..\..\..\Roslyn\" (previous value: "C:\Program Files\dotnet\sdk\10.0.201\Roslyn\") at C:\Program Files\dotnet\sdk\10.0.201\Roslyn\Microsoft.Managed.Core.targets (6,5)
                   C:\Program Files\dotnet\sdk\10.0.201\Roslyn\Microsoft.CSharp.Core.targets(205,5): message : Property reassignment: $(CommandLineArgsForDesignTimeEvaluation)="-langversion:13.0 -define:TRACE;DISABLE_XAML_GENERATED_MAIN" (previous value: "-langversion:13.0") at C:\Program Files\dotnet\sdk\10.0.201\Roslyn\Microsoft.CSharp.Core.targets (205,5)
                   C:\Users\paulm\.nuget\packages\microsoft.windowsappsdk\1.6.240829007\buildTransitive\Microsoft.Build.Msix.Common.props(4,5): message : Property reassignment: $(MsAppxPackageTargets)="Dont-Use-MsAppxPackageTargets" (previous value: "WinUI3-NET5-Projects-Dont-Use-MsAppxPackageTargets") at C:\Users\paulm\.nuget\packages\microsoft.windowsappsdk\1.6.240829007\buildTransitive\Microsoft.Build.Msix.Common.props (4,5)
                   Assembly loaded during Evaluation: Microsoft.Build.Utilities.Core, Version=15.1.0.0, Culture=neutral, PublicKeyToken=b03f5f7f11d50a3a (location: C:\Program Files\dotnet\sdk\10.0.201\Microsoft.Build.Utilities.Core.dll, MVID: 37760b18-7f18-4594-9dee-494f4b15fbe6, AssemblyLoadContext: Default)
                   The "Platform" property is a global property, and cannot be modified.
                   The "Configuration" property is a global property, and cannot be modified.
                   C:\Program Files\dotnet\sdk\10.0.201\Microsoft.Common.CurrentVersion.targets(175,5): message : Property reassignment: $(_DebugSymbolsProduced)="true" (previous value: "false") at C:\Program Files\dotnet\sdk\10.0.201\Microsoft.Common.CurrentVersion.targets (175,5)
                   C:\Program Files\dotnet\sdk\10.0.201\Microsoft.Common.CurrentVersion.targets(185,5): message : Property reassignment: $(_DocumentationFileProduced)="false" (previous value: "true") at C:\Program Files\dotnet\sdk\10.0.201\Microsoft.Common.CurrentVersion.targets (185,5)
                   C:\Program Files\dotnet\sdk\10.0.201\Microsoft.Common.CurrentVersion.targets(393,5): message : Property reassignment: $(MSBuildCopyMarkerName)="Mixr.App.csproj.Up2Date" (previous value: "Mixr.App.csproj") at C:\Program Files\dotnet\sdk\10.0.201\Microsoft.Common.CurrentVersion.targets (393,5)
                   C:\Program Files\dotnet\sdk\10.0.201\Microsoft.Common.CurrentVersion.targets(528,5): message : Property reassignment: $(ProcessorArchitecture)="amd64" (previous value: "x64") at C:\Program Files\dotnet\sdk\10.0.201\Microsoft.Common.CurrentVersion.targets (528,5)
                   C:\Program Files\dotnet\sdk\10.0.201\Microsoft.Common.CurrentVersion.targets(580,5): message : Property reassignment: $(DelaySign)="" (previous value: "false") at C:\Program Files\dotnet\sdk\10.0.201\Microsoft.Common.CurrentVersion.targets (580,5)
                   C:\Program Files\dotnet\sdk\10.0.201\Microsoft.Common.CurrentVersion.targets(1188,5): message : Property reassignment: $(PrepareForBuildDependsOn)=";WindowsAppSDKVerifyKitVersion;GetFrameworkPaths;GetReferenceAssemblyPaths;AssignLinkMetadata" (previous value: ";WindowsAppSDKVerifyKitVersion") at C:\Program Files\dotnet\sdk\10.0.201\Microsoft.Common.CurrentVersion.targets (1188,5)
                   C:\Program Files\dotnet\sdk\10.0.201\Microsoft.Common.CurrentVersion.targets(2620,5): message : Property 'LOCALAPPDATA' with value 'C:\Users\paulm\AppData\Local' expanded from the environment.
                   C:\Program Files\dotnet\sdk\10.0.201\Microsoft.Common.CurrentVersion.targets(3948,5): message : Property reassignment: $(_SGenGenerateSerializationAssembliesConfig)="Auto" (previous value: "") at C:\Program Files\dotnet\sdk\10.0.201\Microsoft.Common.CurrentVersion.targets (3948,5)
                   C:\Program Files\dotnet\sdk\10.0.201\Microsoft.Common.CurrentVersion.targets(3949,5): message : Property reassignment: $(_SGenGenerateSerializationAssembliesConfig)="Off" (previous value: "Auto") at C:\Program Files\dotnet\sdk\10.0.201\Microsoft.Common.CurrentVersion.targets (3949,5)
                   C:\Program Files\dotnet\sdk\10.0.201\Microsoft.Common.CurrentVersion.targets(5160,5): message : Property reassignment: $(_TargetsThatPrepareProjectReferences)="
                   C:\Program Files\dotnet\sdk\10.0.201\Microsoft.Common.CurrentVersion.targets(5160,5): message :       AssignProjectConfiguration;
                   C:\Program Files\dotnet\sdk\10.0.201\Microsoft.Common.CurrentVersion.targets(5160,5): message :       _SplitProjectReferencesByFileExistence
                   C:\Program Files\dotnet\sdk\10.0.201\Microsoft.Common.CurrentVersion.targets(5160,5): message :     " (previous value: "_SplitProjectReferencesByFileExistence") at C:\Program Files\dotnet\sdk\10.0.201\Microsoft.Common.CurrentVersion.targets (5160,5)
                   C:\Program Files\dotnet\sdk\10.0.201\Microsoft.Common.CurrentVersion.targets(6973,5): message : Property 'MSBuildExtensionsPath32' with value 'C:\Program Files\dotnet\sdk\10.0.201' expanded from the environment.
                   C:\Users\paulm\.nuget\packages\microsoft.windowsappsdk\1.6.240829007\buildTransitive\Microsoft.WinUI.AppX.targets(7,5): message : Property reassignment: $(MSBuildWarningsAsMessages)="
                   C:\Users\paulm\.nuget\packages\microsoft.windowsappsdk\1.6.240829007\buildTransitive\Microsoft.WinUI.AppX.targets(7,5): message :        ;1701;1702;MSB3277;
                   C:\Users\paulm\.nuget\packages\microsoft.windowsappsdk\1.6.240829007\buildTransitive\Microsoft.WinUI.AppX.targets(7,5): message : 
                   C:\Users\paulm\.nuget\packages\microsoft.windowsappsdk\1.6.240829007\buildTransitive\Microsoft.WinUI.AppX.targets(7,5): message :        
                   C:\Users\paulm\.nuget\packages\microsoft.windowsappsdk\1.6.240829007\buildTransitive\Microsoft.WinUI.AppX.targets(7,5): message :        APPX1707;
                   C:\Users\paulm\.nuget\packages\microsoft.windowsappsdk\1.6.240829007\buildTransitive\Microsoft.WinUI.AppX.targets(7,5): message :     " (previous value: ";1701;1702;MSB3277") at C:\Users\paulm\.nuget\packages\microsoft.windowsappsdk\1.6.240829007\buildTransitive\Microsoft.WinUI.AppX.targets (7,5)
                   C:\Users\paulm\.nuget\packages\microsoft.windowsappsdk\1.6.240829007\buildTransitive\Microsoft.WinUI.AppX.targets(29,5): message : Property reassignment: $(MSBuildWarningsAsMessages)="
                   C:\Users\paulm\.nuget\packages\microsoft.windowsappsdk\1.6.240829007\buildTransitive\Microsoft.WinUI.AppX.targets(29,5): message :       
                   C:\Users\paulm\.nuget\packages\microsoft.windowsappsdk\1.6.240829007\buildTransitive\Microsoft.WinUI.AppX.targets(29,5): message :        ;1701;1702;MSB3277;
                   C:\Users\paulm\.nuget\packages\microsoft.windowsappsdk\1.6.240829007\buildTransitive\Microsoft.WinUI.AppX.targets(29,5): message : 
                   C:\Users\paulm\.nuget\packages\microsoft.windowsappsdk\1.6.240829007\buildTransitive\Microsoft.WinUI.AppX.targets(29,5): message :        
                   C:\Users\paulm\.nuget\packages\microsoft.windowsappsdk\1.6.240829007\buildTransitive\Microsoft.WinUI.AppX.targets(29,5): message :        APPX1707;
                   C:\Users\paulm\.nuget\packages\microsoft.windowsappsdk\1.6.240829007\buildTransitive\Microsoft.WinUI.AppX.targets(29,5): message :     ;
                   C:\Users\paulm\.nuget\packages\microsoft.windowsappsdk\1.6.240829007\buildTransitive\Microsoft.WinUI.AppX.targets(29,5): message :       MSB3842;
                   C:\Users\paulm\.nuget\packages\microsoft.windowsappsdk\1.6.240829007\buildTransitive\Microsoft.WinUI.AppX.targets(29,5): message :       MSB3843;
                   C:\Users\paulm\.nuget\packages\microsoft.windowsappsdk\1.6.240829007\buildTransitive\Microsoft.WinUI.AppX.targets(29,5): message :     " (previous value: "
                   C:\Users\paulm\.nuget\packages\microsoft.windowsappsdk\1.6.240829007\buildTransitive\Microsoft.WinUI.AppX.targets(29,5): message :        ;1701;1702;MSB3277;
                   C:\Users\paulm\.nuget\packages\microsoft.windowsappsdk\1.6.240829007\buildTransitive\Microsoft.WinUI.AppX.targets(29,5): message : 
                   C:\Users\paulm\.nuget\packages\microsoft.windowsappsdk\1.6.240829007\buildTransitive\Microsoft.WinUI.AppX.targets(29,5): message :        
                   C:\Users\paulm\.nuget\packages\microsoft.windowsappsdk\1.6.240829007\buildTransitive\Microsoft.WinUI.AppX.targets(29,5): message :        APPX1707;
                   C:\Users\paulm\.nuget\packages\microsoft.windowsappsdk\1.6.240829007\buildTransitive\Microsoft.WinUI.AppX.targets(29,5): message :     ") at C:\Users\paulm\.nuget\packages\microsoft.windowsappsdk\1.6.240829007\buildTransitive\Microsoft.WinUI.AppX.targets (29,5)
                   C:\Users\paulm\.nuget\packages\microsoft.windowsappsdk\1.6.240829007\buildTransitive\Microsoft.UI.Xaml.Markup.Compiler.interop.targets(148,9): message : Property reassignment: $(PrepareResourcesDependsOn)="
                   C:\Users\paulm\.nuget\packages\microsoft.windowsappsdk\1.6.240829007\buildTransitive\Microsoft.UI.Xaml.Markup.Compiler.interop.targets(148,9): message :             ResolveKeySource;
                   C:\Users\paulm\.nuget\packages\microsoft.windowsappsdk\1.6.240829007\buildTransitive\Microsoft.UI.Xaml.Markup.Compiler.interop.targets(148,9): message :             AddImplicitDefineConstants;
                   C:\Users\paulm\.nuget\packages\microsoft.windowsappsdk\1.6.240829007\buildTransitive\Microsoft.UI.Xaml.Markup.Compiler.interop.targets(148,9): message :             MarkupCompilePass1;
                   C:\Users\paulm\.nuget\packages\microsoft.windowsappsdk\1.6.240829007\buildTransitive\Microsoft.UI.Xaml.Markup.Compiler.interop.targets(148,9): message :             XamlPreCompile;
                   C:\Users\paulm\.nuget\packages\microsoft.windowsappsdk\1.6.240829007\buildTransitive\Microsoft.UI.Xaml.Markup.Compiler.interop.targets(148,9): message :             MarkupCompilePass2;
                   C:\Users\paulm\.nuget\packages\microsoft.windowsappsdk\1.6.240829007\buildTransitive\Microsoft.UI.Xaml.Markup.Compiler.interop.targets(148,9): message :             
                   C:\Users\paulm\.nuget\packages\microsoft.windowsappsdk\1.6.240829007\buildTransitive\Microsoft.UI.Xaml.Markup.Compiler.interop.targets(148,9): message :       ;
                   C:\Users\paulm\.nuget\packages\microsoft.windowsappsdk\1.6.240829007\buildTransitive\Microsoft.UI.Xaml.Markup.Compiler.interop.targets(148,9): message :       PrepareResourceNames;
                   C:\Users\paulm\.nuget\packages\microsoft.windowsappsdk\1.6.240829007\buildTransitive\Microsoft.UI.Xaml.Markup.Compiler.interop.targets(148,9): message :       ResGen;
                   C:\Users\paulm\.nuget\packages\microsoft.windowsappsdk\1.6.240829007\buildTransitive\Microsoft.UI.Xaml.Markup.Compiler.interop.targets(148,9): message :       CompileLicxFiles
                   C:\Users\paulm\.nuget\packages\microsoft.windowsappsdk\1.6.240829007\buildTransitive\Microsoft.UI.Xaml.Markup.Compiler.interop.targets(148,9): message :     
                   C:\Users\paulm\.nuget\packages\microsoft.windowsappsdk\1.6.240829007\buildTransitive\Microsoft.UI.Xaml.Markup.Compiler.interop.targets(148,9): message :         " (previous value: "
                   C:\Users\paulm\.nuget\packages\microsoft.windowsappsdk\1.6.240829007\buildTransitive\Microsoft.UI.Xaml.Markup.Compiler.interop.targets(148,9): message :       ;
                   C:\Users\paulm\.nuget\packages\microsoft.windowsappsdk\1.6.240829007\buildTransitive\Microsoft.UI.Xaml.Markup.Compiler.interop.targets(148,9): message :       PrepareResourceNames;
                   C:\Users\paulm\.nuget\packages\microsoft.windowsappsdk\1.6.240829007\buildTransitive\Microsoft.UI.Xaml.Markup.Compiler.interop.targets(148,9): message :       ResGen;
                   C:\Users\paulm\.nuget\packages\microsoft.windowsappsdk\1.6.240829007\buildTransitive\Microsoft.UI.Xaml.Markup.Compiler.interop.targets(148,9): message :       CompileLicxFiles
                   C:\Users\paulm\.nuget\packages\microsoft.windowsappsdk\1.6.240829007\buildTransitive\Microsoft.UI.Xaml.Markup.Compiler.interop.targets(148,9): message :     ") at C:\Users\paulm\.nuget\packages\microsoft.windowsappsdk\1.6.240829007\buildTransitive\Microsoft.UI.Xaml.Markup.Compiler.interop.targets (148,9)
                   C:\Users\paulm\.nuget\packages\microsoft.windowsappsdk\1.6.240829007\buildTransitive\Microsoft.UI.Xaml.Markup.Compiler.interop.targets(1027,9): message : Property reassignment: $(ResolveReferencesDependsOn)="
                   C:\Users\paulm\.nuget\packages\microsoft.windowsappsdk\1.6.240829007\buildTransitive\Microsoft.UI.Xaml.Markup.Compiler.interop.targets(1027,9): message :             
                   C:\Users\paulm\.nuget\packages\microsoft.windowsappsdk\1.6.240829007\buildTransitive\Microsoft.UI.Xaml.Markup.Compiler.interop.targets(1027,9): message :       BeforeResolveReferences;
                   C:\Users\paulm\.nuget\packages\microsoft.windowsappsdk\1.6.240829007\buildTransitive\Microsoft.UI.Xaml.Markup.Compiler.interop.targets(1027,9): message :       AssignProjectConfiguration;
                   C:\Users\paulm\.nuget\packages\microsoft.windowsappsdk\1.6.240829007\buildTransitive\Microsoft.UI.Xaml.Markup.Compiler.interop.targets(1027,9): message :       ResolveProjectReferences;
                   C:\Users\paulm\.nuget\packages\microsoft.windowsappsdk\1.6.240829007\buildTransitive\Microsoft.UI.Xaml.Markup.Compiler.interop.targets(1027,9): message :       FindInvalidProjectReferences;
                   C:\Users\paulm\.nuget\packages\microsoft.windowsappsdk\1.6.240829007\buildTransitive\Microsoft.UI.Xaml.Markup.Compiler.interop.targets(1027,9): message :       ResolveNativeReferences;
                   C:\Users\paulm\.nuget\packages\microsoft.windowsappsdk\1.6.240829007\buildTransitive\Microsoft.UI.Xaml.Markup.Compiler.interop.targets(1027,9): message :       ResolveAssemblyReferences;
                   C:\Users\paulm\.nuget\packages\microsoft.windowsappsdk\1.6.240829007\buildTransitive\Microsoft.UI.Xaml.Markup.Compiler.interop.targets(1027,9): message :       GenerateBindingRedirects;
                   C:\Users\paulm\.nuget\packages\microsoft.windowsappsdk\1.6.240829007\buildTransitive\Microsoft.UI.Xaml.Markup.Compiler.interop.targets(1027,9): message :       GenerateBindingRedirectsUpdateAppConfig;
                   C:\Users\paulm\.nuget\packages\microsoft.windowsappsdk\1.6.240829007\buildTransitive\Microsoft.UI.Xaml.Markup.Compiler.interop.targets(1027,9): message :       ResolveComReferences;
                   C:\Users\paulm\.nuget\packages\microsoft.windowsappsdk\1.6.240829007\buildTransitive\Microsoft.UI.Xaml.Markup.Compiler.interop.targets(1027,9): message :       AfterResolveReferences
                   C:\Users\paulm\.nuget\packages\microsoft.windowsappsdk\1.6.240829007\buildTransitive\Microsoft.UI.Xaml.Markup.Compiler.interop.targets(1027,9): message :     ;
                   C:\Users\paulm\.nuget\packages\microsoft.windowsappsdk\1.6.240829007\buildTransitive\Microsoft.UI.Xaml.Markup.Compiler.interop.targets(1027,9): message :             ImplicitlyExpandTargetFramework;
                   C:\Users\paulm\.nuget\packages\microsoft.windowsappsdk\1.6.240829007\buildTransitive\Microsoft.UI.Xaml.Markup.Compiler.interop.targets(1027,9): message :             ImplicitlyExpandTargetPlatform
                   C:\Users\paulm\.nuget\packages\microsoft.windowsappsdk\1.6.240829007\buildTransitive\Microsoft.UI.Xaml.Markup.Compiler.interop.targets(1027,9): message :         " (previous value: "
                   C:\Users\paulm\.nuget\packages\microsoft.windowsappsdk\1.6.240829007\buildTransitive\Microsoft.UI.Xaml.Markup.Compiler.interop.targets(1027,9): message :       BeforeResolveReferences;
                   C:\Users\paulm\.nuget\packages\microsoft.windowsappsdk\1.6.240829007\buildTransitive\Microsoft.UI.Xaml.Markup.Compiler.interop.targets(1027,9): message :       AssignProjectConfiguration;
                   C:\Users\paulm\.nuget\packages\microsoft.windowsappsdk\1.6.240829007\buildTransitive\Microsoft.UI.Xaml.Markup.Compiler.interop.targets(1027,9): message :       ResolveProjectReferences;
                   C:\Users\paulm\.nuget\packages\microsoft.windowsappsdk\1.6.240829007\buildTransitive\Microsoft.UI.Xaml.Markup.Compiler.interop.targets(1027,9): message :       FindInvalidProjectReferences;
                   C:\Users\paulm\.nuget\packages\microsoft.windowsappsdk\1.6.240829007\buildTransitive\Microsoft.UI.Xaml.Markup.Compiler.interop.targets(1027,9): message :       ResolveNativeReferences;
                   C:\Users\paulm\.nuget\packages\microsoft.windowsappsdk\1.6.240829007\buildTransitive\Microsoft.UI.Xaml.Markup.Compiler.interop.targets(1027,9): message :       ResolveAssemblyReferences;
                   C:\Users\paulm\.nuget\packages\microsoft.windowsappsdk\1.6.240829007\buildTransitive\Microsoft.UI.Xaml.Markup.Compiler.interop.targets(1027,9): message :       GenerateBindingRedirects;
                   C:\Users\paulm\.nuget\packages\microsoft.windowsappsdk\1.6.240829007\buildTransitive\Microsoft.UI.Xaml.Markup.Compiler.interop.targets(1027,9): message :       GenerateBindingRedirectsUpdateAppConfig;
                   C:\Users\paulm\.nuget\packages\microsoft.windowsappsdk\1.6.240829007\buildTransitive\Microsoft.UI.Xaml.Markup.Compiler.interop.targets(1027,9): message :       ResolveComReferences;
                   C:\Users\paulm\.nuget\packages\microsoft.windowsappsdk\1.6.240829007\buildTransitive\Microsoft.UI.Xaml.Markup.Compiler.interop.targets(1027,9): message :       AfterResolveReferences
                   C:\Users\paulm\.nuget\packages\microsoft.windowsappsdk\1.6.240829007\buildTransitive\Microsoft.UI.Xaml.Markup.Compiler.interop.targets(1027,9): message :     ") at C:\Users\paulm\.nuget\packages\microsoft.windowsappsdk\1.6.240829007\buildTransitive\Microsoft.UI.Xaml.Markup.Compiler.interop.targets (1027,9)
                   C:\Users\paulm\.nuget\packages\microsoft.windowsappsdk\1.6.240829007\buildTransitive\Microsoft.Build.Msix.Packaging.targets(86,5): message : Property reassignment: $(AppxHashAlgorithmId)="sha256" (previous value: "") at C:\Users\paulm\.nuget\packages\microsoft.windowsappsdk\1.6.240829007\buildTransitive\Microsoft.Build.Msix.Packaging.targets (86,5)
                   C:\Users\paulm\.nuget\packages\microsoft.windowsappsdk\1.6.240829007\buildTransitive\Microsoft.Build.Msix.Packaging.targets(162,5): message : Property reassignment: $(PrepareForBuildDependsOn)="
                   C:\Users\paulm\.nuget\packages\microsoft.windowsappsdk\1.6.240829007\buildTransitive\Microsoft.Build.Msix.Packaging.targets(162,5): message :       ;WindowsAppSDKVerifyKitVersion;GetFrameworkPaths;GetReferenceAssemblyPaths;AssignLinkMetadata;
                   C:\Users\paulm\.nuget\packages\microsoft.windowsappsdk\1.6.240829007\buildTransitive\Microsoft.Build.Msix.Packaging.targets(162,5): message :       _ValidateWindowsPackageType;
                   C:\Users\paulm\.nuget\packages\microsoft.windowsappsdk\1.6.240829007\buildTransitive\Microsoft.Build.Msix.Packaging.targets(162,5): message :     " (previous value: ";WindowsAppSDKVerifyKitVersion;GetFrameworkPaths;GetReferenceAssemblyPaths;AssignLinkMetadata") at C:\Users\paulm\.nuget\packages\microsoft.windowsappsdk\1.6.240829007\buildTransitive\Microsoft.Build.Msix.Packaging.targets (162,5)
                   C:\Users\paulm\.nuget\packages\microsoft.windowsappsdk\1.6.240829007\buildTransitive\Microsoft.Build.Msix.Packaging.targets(271,5): message : Property reassignment: $(PrepareForRunDependsOn)="
                   C:\Users\paulm\.nuget\packages\microsoft.windowsappsdk\1.6.240829007\buildTransitive\Microsoft.Build.Msix.Packaging.targets(271,5): message :       PrepareMsixPackage;
                   C:\Users\paulm\.nuget\packages\microsoft.windowsappsdk\1.6.240829007\buildTransitive\Microsoft.Build.Msix.Packaging.targets(271,5): message :       
                   C:\Users\paulm\.nuget\packages\microsoft.windowsappsdk\1.6.240829007\buildTransitive\Microsoft.Build.Msix.Packaging.targets(271,5): message :       CopyFilesToOutputDirectory
                   C:\Users\paulm\.nuget\packages\microsoft.windowsappsdk\1.6.240829007\buildTransitive\Microsoft.Build.Msix.Packaging.targets(271,5): message :     ;
                   C:\Users\paulm\.nuget\packages\microsoft.windowsappsdk\1.6.240829007\buildTransitive\Microsoft.Build.Msix.Packaging.targets(271,5): message :     " (previous value: "
                   C:\Users\paulm\.nuget\packages\microsoft.windowsappsdk\1.6.240829007\buildTransitive\Microsoft.Build.Msix.Packaging.targets(271,5): message :       CopyFilesToOutputDirectory
                   C:\Users\paulm\.nuget\packages\microsoft.windowsappsdk\1.6.240829007\buildTransitive\Microsoft.Build.Msix.Packaging.targets(271,5): message :     ") at C:\Users\paulm\.nuget\packages\microsoft.windowsappsdk\1.6.240829007\buildTransitive\Microsoft.Build.Msix.Packaging.targets (271,5)
                   C:\Users\paulm\.nuget\packages\microsoft.windowsappsdk\1.6.240829007\buildTransitive\Microsoft.Build.Msix.Packaging.targets(301,5): message : Property reassignment: $(_GenerateAppxPackageDependsOn)="
                   C:\Users\paulm\.nuget\packages\microsoft.windowsappsdk\1.6.240829007\buildTransitive\Microsoft.Build.Msix.Packaging.targets(301,5): message :       Build;
                   C:\Users\paulm\.nuget\packages\microsoft.windowsappsdk\1.6.240829007\buildTransitive\Microsoft.Build.Msix.Packaging.targets(301,5): message :       
                   C:\Users\paulm\.nuget\packages\microsoft.windowsappsdk\1.6.240829007\buildTransitive\Microsoft.Build.Msix.Packaging.targets(301,5): message :       
                   C:\Users\paulm\.nuget\packages\microsoft.windowsappsdk\1.6.240829007\buildTransitive\Microsoft.Build.Msix.Packaging.targets(301,5): message :       ;
                   C:\Users\paulm\.nuget\packages\microsoft.windowsappsdk\1.6.240829007\buildTransitive\Microsoft.Build.Msix.Packaging.targets(301,5): message :       PrepareMsixPackage;
                   C:\Users\paulm\.nuget\packages\microsoft.windowsappsdk\1.6.240829007\buildTransitive\Microsoft.Build.Msix.Packaging.targets(301,5): message :       _EnsurePdbCmfExeFullPath;
                   C:\Users\paulm\.nuget\packages\microsoft.windowsappsdk\1.6.240829007\buildTransitive\Microsoft.Build.Msix.Packaging.targets(301,5): message :       _ComputeAppxPackageOutput;
                   C:\Users\paulm\.nuget\packages\microsoft.windowsappsdk\1.6.240829007\buildTransitive\Microsoft.Build.Msix.Packaging.targets(301,5): message :       _GenerateAppxPackageFile;
                   C:\Users\paulm\.nuget\packages\microsoft.windowsappsdk\1.6.240829007\buildTransitive\Microsoft.Build.Msix.Packaging.targets(301,5): message :       _GenerateAppxSymbolPackage;
                   C:\Users\paulm\.nuget\packages\microsoft.windowsappsdk\1.6.240829007\buildTransitive\Microsoft.Build.Msix.Packaging.targets(301,5): message :       _CreateTestLayout;
                   C:\Users\paulm\.nuget\packages\microsoft.windowsappsdk\1.6.240829007\buildTransitive\Microsoft.Build.Msix.Packaging.targets(301,5): message : 
                   C:\Users\paulm\.nuget\packages\microsoft.windowsappsdk\1.6.240829007\buildTransitive\Microsoft.Build.Msix.Packaging.targets(301,5): message :       
                   C:\Users\paulm\.nuget\packages\microsoft.windowsappsdk\1.6.240829007\buildTransitive\Microsoft.Build.Msix.Packaging.targets(301,5): message :       GenerateAppInstallerForPackage;
                   C:\Users\paulm\.nuget\packages\microsoft.windowsappsdk\1.6.240829007\buildTransitive\Microsoft.Build.Msix.Packaging.targets(301,5): message : 
                   C:\Users\paulm\.nuget\packages\microsoft.windowsappsdk\1.6.240829007\buildTransitive\Microsoft.Build.Msix.Packaging.targets(301,5): message :       _AddWindowsInstallScriptToTestLayout;
                   C:\Users\paulm\.nuget\packages\microsoft.windowsappsdk\1.6.240829007\buildTransitive\Microsoft.Build.Msix.Packaging.targets(301,5): message :     
                   C:\Users\paulm\.nuget\packages\microsoft.windowsappsdk\1.6.240829007\buildTransitive\Microsoft.Build.Msix.Packaging.targets(301,5): message :     ;
                   C:\Users\paulm\.nuget\packages\microsoft.windowsappsdk\1.6.240829007\buildTransitive\Microsoft.Build.Msix.Packaging.targets(301,5): message :     " (previous value: "
                   C:\Users\paulm\.nuget\packages\microsoft.windowsappsdk\1.6.240829007\buildTransitive\Microsoft.Build.Msix.Packaging.targets(301,5): message :       
                   C:\Users\paulm\.nuget\packages\microsoft.windowsappsdk\1.6.240829007\buildTransitive\Microsoft.Build.Msix.Packaging.targets(301,5): message :       ;
                   C:\Users\paulm\.nuget\packages\microsoft.windowsappsdk\1.6.240829007\buildTransitive\Microsoft.Build.Msix.Packaging.targets(301,5): message :       PrepareMsixPackage;
                   C:\Users\paulm\.nuget\packages\microsoft.windowsappsdk\1.6.240829007\buildTransitive\Microsoft.Build.Msix.Packaging.targets(301,5): message :       _EnsurePdbCmfExeFullPath;
                   C:\Users\paulm\.nuget\packages\microsoft.windowsappsdk\1.6.240829007\buildTransitive\Microsoft.Build.Msix.Packaging.targets(301,5): message :       _ComputeAppxPackageOutput;
                   C:\Users\paulm\.nuget\packages\microsoft.windowsappsdk\1.6.240829007\buildTransitive\Microsoft.Build.Msix.Packaging.targets(301,5): message :       _GenerateAppxPackageFile;
                   C:\Users\paulm\.nuget\packages\microsoft.windowsappsdk\1.6.240829007\buildTransitive\Microsoft.Build.Msix.Packaging.targets(301,5): message :       _GenerateAppxSymbolPackage;
                   C:\Users\paulm\.nuget\packages\microsoft.windowsappsdk\1.6.240829007\buildTransitive\Microsoft.Build.Msix.Packaging.targets(301,5): message :       _CreateTestLayout;
                   C:\Users\paulm\.nuget\packages\microsoft.windowsappsdk\1.6.240829007\buildTransitive\Microsoft.Build.Msix.Packaging.targets(301,5): message : 
                   C:\Users\paulm\.nuget\packages\microsoft.windowsappsdk\1.6.240829007\buildTransitive\Microsoft.Build.Msix.Packaging.targets(301,5): message :       
                   C:\Users\paulm\.nuget\packages\microsoft.windowsappsdk\1.6.240829007\buildTransitive\Microsoft.Build.Msix.Packaging.targets(301,5): message :       GenerateAppInstallerForPackage;
                   C:\Users\paulm\.nuget\packages\microsoft.windowsappsdk\1.6.240829007\buildTransitive\Microsoft.Build.Msix.Packaging.targets(301,5): message : 
                   C:\Users\paulm\.nuget\packages\microsoft.windowsappsdk\1.6.240829007\buildTransitive\Microsoft.Build.Msix.Packaging.targets(301,5): message :       _AddWindowsInstallScriptToTestLayout;
                   C:\Users\paulm\.nuget\packages\microsoft.windowsappsdk\1.6.240829007\buildTransitive\Microsoft.Build.Msix.Packaging.targets(301,5): message :     
                   C:\Users\paulm\.nuget\packages\microsoft.windowsappsdk\1.6.240829007\buildTransitive\Microsoft.Build.Msix.Packaging.targets(301,5): message :     ") at C:\Users\paulm\.nuget\packages\microsoft.windowsappsdk\1.6.240829007\buildTransitive\Microsoft.Build.Msix.Packaging.targets (301,5)
                   C:\Users\paulm\.nuget\packages\microsoft.windowsappsdk\1.6.240829007\buildTransitive\Microsoft.Build.Msix.Packaging.targets(305,5): message : Property reassignment: $(_GenerateAppxPackageDependsOn)="
                   C:\Users\paulm\.nuget\packages\microsoft.windowsappsdk\1.6.240829007\buildTransitive\Microsoft.Build.Msix.Packaging.targets(305,5): message :       Publish;
                   C:\Users\paulm\.nuget\packages\microsoft.windowsappsdk\1.6.240829007\buildTransitive\Microsoft.Build.Msix.Packaging.targets(305,5): message :       
                   C:\Users\paulm\.nuget\packages\microsoft.windowsappsdk\1.6.240829007\buildTransitive\Microsoft.Build.Msix.Packaging.targets(305,5): message :       Build;
                   C:\Users\paulm\.nuget\packages\microsoft.windowsappsdk\1.6.240829007\buildTransitive\Microsoft.Build.Msix.Packaging.targets(305,5): message :       
                   C:\Users\paulm\.nuget\packages\microsoft.windowsappsdk\1.6.240829007\buildTransitive\Microsoft.Build.Msix.Packaging.targets(305,5): message :       
                   C:\Users\paulm\.nuget\packages\microsoft.windowsappsdk\1.6.240829007\buildTransitive\Microsoft.Build.Msix.Packaging.targets(305,5): message :       ;
                   C:\Users\paulm\.nuget\packages\microsoft.windowsappsdk\1.6.240829007\buildTransitive\Microsoft.Build.Msix.Packaging.targets(305,5): message :       PrepareMsixPackage;
                   C:\Users\paulm\.nuget\packages\microsoft.windowsappsdk\1.6.240829007\buildTransitive\Microsoft.Build.Msix.Packaging.targets(305,5): message :       _EnsurePdbCmfExeFullPath;
                   C:\Users\paulm\.nuget\packages\microsoft.windowsappsdk\1.6.240829007\buildTransitive\Microsoft.Build.Msix.Packaging.targets(305,5): message :       _ComputeAppxPackageOutput;
                   C:\Users\paulm\.nuget\packages\microsoft.windowsappsdk\1.6.240829007\buildTransitive\Microsoft.Build.Msix.Packaging.targets(305,5): message :       _GenerateAppxPackageFile;
                   C:\Users\paulm\.nuget\packages\microsoft.windowsappsdk\1.6.240829007\buildTransitive\Microsoft.Build.Msix.Packaging.targets(305,5): message :       _GenerateAppxSymbolPackage;
                   C:\Users\paulm\.nuget\packages\microsoft.windowsappsdk\1.6.240829007\buildTransitive\Microsoft.Build.Msix.Packaging.targets(305,5): message :       _CreateTestLayout;
                   C:\Users\paulm\.nuget\packages\microsoft.windowsappsdk\1.6.240829007\buildTransitive\Microsoft.Build.Msix.Packaging.targets(305,5): message : 
                   C:\Users\paulm\.nuget\packages\microsoft.windowsappsdk\1.6.240829007\buildTransitive\Microsoft.Build.Msix.Packaging.targets(305,5): message :       
                   C:\Users\paulm\.nuget\packages\microsoft.windowsappsdk\1.6.240829007\buildTransitive\Microsoft.Build.Msix.Packaging.targets(305,5): message :       GenerateAppInstallerForPackage;
                   C:\Users\paulm\.nuget\packages\microsoft.windowsappsdk\1.6.240829007\buildTransitive\Microsoft.Build.Msix.Packaging.targets(305,5): message : 
                   C:\Users\paulm\.nuget\packages\microsoft.windowsappsdk\1.6.240829007\buildTransitive\Microsoft.Build.Msix.Packaging.targets(305,5): message :       _AddWindowsInstallScriptToTestLayout;
                   C:\Users\paulm\.nuget\packages\microsoft.windowsappsdk\1.6.240829007\buildTransitive\Microsoft.Build.Msix.Packaging.targets(305,5): message :     
                   C:\Users\paulm\.nuget\packages\microsoft.windowsappsdk\1.6.240829007\buildTransitive\Microsoft.Build.Msix.Packaging.targets(305,5): message :     ;
                   C:\Users\paulm\.nuget\packages\microsoft.windowsappsdk\1.6.240829007\buildTransitive\Microsoft.Build.Msix.Packaging.targets(305,5): message :     ;
                   C:\Users\paulm\.nuget\packages\microsoft.windowsappsdk\1.6.240829007\buildTransitive\Microsoft.Build.Msix.Packaging.targets(305,5): message :     " (previous value: "
                   C:\Users\paulm\.nuget\packages\microsoft.windowsappsdk\1.6.240829007\buildTransitive\Microsoft.Build.Msix.Packaging.targets(305,5): message :       Build;
                   C:\Users\paulm\.nuget\packages\microsoft.windowsappsdk\1.6.240829007\buildTransitive\Microsoft.Build.Msix.Packaging.targets(305,5): message :       
                   C:\Users\paulm\.nuget\packages\microsoft.windowsappsdk\1.6.240829007\buildTransitive\Microsoft.Build.Msix.Packaging.targets(305,5): message :       
                   C:\Users\paulm\.nuget\packages\microsoft.windowsappsdk\1.6.240829007\buildTransitive\Microsoft.Build.Msix.Packaging.targets(305,5): message :       ;
                   C:\Users\paulm\.nuget\packages\microsoft.windowsappsdk\1.6.240829007\buildTransitive\Microsoft.Build.Msix.Packaging.targets(305,5): message :       PrepareMsixPackage;
                   C:\Users\paulm\.nuget\packages\microsoft.windowsappsdk\1.6.240829007\buildTransitive\Microsoft.Build.Msix.Packaging.targets(305,5): message :       _EnsurePdbCmfExeFullPath;
                   C:\Users\paulm\.nuget\packages\microsoft.windowsappsdk\1.6.240829007\buildTransitive\Microsoft.Build.Msix.Packaging.targets(305,5): message :       _ComputeAppxPackageOutput;
                   C:\Users\paulm\.nuget\packages\microsoft.windowsappsdk\1.6.240829007\buildTransitive\Microsoft.Build.Msix.Packaging.targets(305,5): message :       _GenerateAppxPackageFile;
                   C:\Users\paulm\.nuget\packages\microsoft.windowsappsdk\1.6.240829007\buildTransitive\Microsoft.Build.Msix.Packaging.targets(305,5): message :       _GenerateAppxSymbolPackage;
                   C:\Users\paulm\.nuget\packages\microsoft.windowsappsdk\1.6.240829007\buildTransitive\Microsoft.Build.Msix.Packaging.targets(305,5): message :       _CreateTestLayout;
                   C:\Users\paulm\.nuget\packages\microsoft.windowsappsdk\1.6.240829007\buildTransitive\Microsoft.Build.Msix.Packaging.targets(305,5): message : 
                   C:\Users\paulm\.nuget\packages\microsoft.windowsappsdk\1.6.240829007\buildTransitive\Microsoft.Build.Msix.Packaging.targets(305,5): message :       
                   C:\Users\paulm\.nuget\packages\microsoft.windowsappsdk\1.6.240829007\buildTransitive\Microsoft.Build.Msix.Packaging.targets(305,5): message :       GenerateAppInstallerForPackage;
                   C:\Users\paulm\.nuget\packages\microsoft.windowsappsdk\1.6.240829007\buildTransitive\Microsoft.Build.Msix.Packaging.targets(305,5): message : 
                   C:\Users\paulm\.nuget\packages\microsoft.windowsappsdk\1.6.240829007\buildTransitive\Microsoft.Build.Msix.Packaging.targets(305,5): message :       _AddWindowsInstallScriptToTestLayout;
                   C:\Users\paulm\.nuget\packages\microsoft.windowsappsdk\1.6.240829007\buildTransitive\Microsoft.Build.Msix.Packaging.targets(305,5): message :     
                   C:\Users\paulm\.nuget\packages\microsoft.windowsappsdk\1.6.240829007\buildTransitive\Microsoft.Build.Msix.Packaging.targets(305,5): message :     ;
                   C:\Users\paulm\.nuget\packages\microsoft.windowsappsdk\1.6.240829007\buildTransitive\Microsoft.Build.Msix.Packaging.targets(305,5): message :     ") at C:\Users\paulm\.nuget\packages\microsoft.windowsappsdk\1.6.240829007\buildTransitive\Microsoft.Build.Msix.Packaging.targets (305,5)
                   C:\Users\paulm\.nuget\packages\microsoft.windowsappsdk\1.6.240829007\buildTransitive\Microsoft.Build.Msix.Pri.targets(61,5): message : Property reassignment: $(GenerateProjectPriFileDependsOn)="
                   C:\Users\paulm\.nuget\packages\microsoft.windowsappsdk\1.6.240829007\buildTransitive\Microsoft.Build.Msix.Pri.targets(61,5): message :       
                   C:\Users\paulm\.nuget\packages\microsoft.windowsappsdk\1.6.240829007\buildTransitive\Microsoft.Build.Msix.Pri.targets(61,5): message :       ;
                   C:\Users\paulm\.nuget\packages\microsoft.windowsappsdk\1.6.240829007\buildTransitive\Microsoft.Build.Msix.Pri.targets(61,5): message :       CopyFilesToOutputDirectory;
                   C:\Users\paulm\.nuget\packages\microsoft.windowsappsdk\1.6.240829007\buildTransitive\Microsoft.Build.Msix.Pri.targets(61,5): message :       BeforeGenerateProjectPriFile;
                   C:\Users\paulm\.nuget\packages\microsoft.windowsappsdk\1.6.240829007\buildTransitive\Microsoft.Build.Msix.Pri.targets(61,5): message :     ;
                   C:\Users\paulm\.nuget\packages\microsoft.windowsappsdk\1.6.240829007\buildTransitive\Microsoft.Build.Msix.Pri.targets(61,5): message :       GetPriOutputs;
                   C:\Users\paulm\.nuget\packages\microsoft.windowsappsdk\1.6.240829007\buildTransitive\Microsoft.Build.Msix.Pri.targets(61,5): message :       _GetPriFilesFromPayload;
                   C:\Users\paulm\.nuget\packages\microsoft.windowsappsdk\1.6.240829007\buildTransitive\Microsoft.Build.Msix.Pri.targets(61,5): message :       _ComputeInputPriFiles;
                   C:\Users\paulm\.nuget\packages\microsoft.windowsappsdk\1.6.240829007\buildTransitive\Microsoft.Build.Msix.Pri.targets(61,5): message :       _GenerateProjectPriConfigurationFiles;
                   C:\Users\paulm\.nuget\packages\microsoft.windowsappsdk\1.6.240829007\buildTransitive\Microsoft.Build.Msix.Pri.targets(61,5): message :       _GenerateProjectPriFileCore;
                   C:\Users\paulm\.nuget\packages\microsoft.windowsappsdk\1.6.240829007\buildTransitive\Microsoft.Build.Msix.Pri.targets(61,5): message :       _AddFileReadsAndFileWritesForProjectPri;
                   C:\Users\paulm\.nuget\packages\microsoft.windowsappsdk\1.6.240829007\buildTransitive\Microsoft.Build.Msix.Pri.targets(61,5): message :       _CalculateUseResourceIndexerApi;
                   C:\Users\paulm\.nuget\packages\microsoft.windowsappsdk\1.6.240829007\buildTransitive\Microsoft.Build.Msix.Pri.targets(61,5): message :       _ExpandProjectPriFile;
                   C:\Users\paulm\.nuget\packages\microsoft.windowsappsdk\1.6.240829007\buildTransitive\Microsoft.Build.Msix.Pri.targets(61,5): message :       AfterGenerateProjectPriFile
                   C:\Users\paulm\.nuget\packages\microsoft.windowsappsdk\1.6.240829007\buildTransitive\Microsoft.Build.Msix.Pri.targets(61,5): message :     " (previous value: "
                   C:\Users\paulm\.nuget\packages\microsoft.windowsappsdk\1.6.240829007\buildTransitive\Microsoft.Build.Msix.Pri.targets(61,5): message :       ;
                   C:\Users\paulm\.nuget\packages\microsoft.windowsappsdk\1.6.240829007\buildTransitive\Microsoft.Build.Msix.Pri.targets(61,5): message :       CopyFilesToOutputDirectory;
                   C:\Users\paulm\.nuget\packages\microsoft.windowsappsdk\1.6.240829007\buildTransitive\Microsoft.Build.Msix.Pri.targets(61,5): message :       BeforeGenerateProjectPriFile;
                   C:\Users\paulm\.nuget\packages\microsoft.windowsappsdk\1.6.240829007\buildTransitive\Microsoft.Build.Msix.Pri.targets(61,5): message :     ") at C:\Users\paulm\.nuget\packages\microsoft.windowsappsdk\1.6.240829007\buildTransitive\Microsoft.Build.Msix.Pri.targets (61,5)
                   C:\Users\paulm\.nuget\packages\microsoft.windowsappsdk\1.6.240829007\buildTransitive\Microsoft.Build.Msix.Pri.targets(76,5): message : Property reassignment: $(PrepareMsixPackageDependsOn)="
                   C:\Users\paulm\.nuget\packages\microsoft.windowsappsdk\1.6.240829007\buildTransitive\Microsoft.Build.Msix.Pri.targets(76,5): message :       GenerateProjectPriFile;
                   C:\Users\paulm\.nuget\packages\microsoft.windowsappsdk\1.6.240829007\buildTransitive\Microsoft.Build.Msix.Pri.targets(76,5): message :       
                   C:\Users\paulm\.nuget\packages\microsoft.windowsappsdk\1.6.240829007\buildTransitive\Microsoft.Build.Msix.Pri.targets(76,5): message :       ;
                   C:\Users\paulm\.nuget\packages\microsoft.windowsappsdk\1.6.240829007\buildTransitive\Microsoft.Build.Msix.Pri.targets(76,5): message :       _ValidatePresenceOfAppxManifestItems;
                   C:\Users\paulm\.nuget\packages\microsoft.windowsappsdk\1.6.240829007\buildTransitive\Microsoft.Build.Msix.Pri.targets(76,5): message :       GetPackagingOutputs;
                   C:\Users\paulm\.nuget\packages\microsoft.windowsappsdk\1.6.240829007\buildTransitive\Microsoft.Build.Msix.Pri.targets(76,5): message :       _GetPackageProperties;
                   C:\Users\paulm\.nuget\packages\microsoft.windowsappsdk\1.6.240829007\buildTransitive\Microsoft.Build.Msix.Pri.targets(76,5): message :       _ComputeAppxPackagePayload;
                   C:\Users\paulm\.nuget\packages\microsoft.windowsappsdk\1.6.240829007\buildTransitive\Microsoft.Build.Msix.Pri.targets(76,5): message :       _GenerateAppxManifest;
                   C:\Users\paulm\.nuget\packages\microsoft.windowsappsdk\1.6.240829007\buildTransitive\Microsoft.Build.Msix.Pri.targets(76,5): message :       _GenerateAppxPackageRecipe;
                   C:\Users\paulm\.nuget\packages\microsoft.windowsappsdk\1.6.240829007\buildTransitive\Microsoft.Build.Msix.Pri.targets(76,5): message :     ;
                   C:\Users\paulm\.nuget\packages\microsoft.windowsappsdk\1.6.240829007\buildTransitive\Microsoft.Build.Msix.Pri.targets(76,5): message :     " (previous value: "
                   C:\Users\paulm\.nuget\packages\microsoft.windowsappsdk\1.6.240829007\buildTransitive\Microsoft.Build.Msix.Pri.targets(76,5): message :       ;
                   C:\Users\paulm\.nuget\packages\microsoft.windowsappsdk\1.6.240829007\buildTransitive\Microsoft.Build.Msix.Pri.targets(76,5): message :       _ValidatePresenceOfAppxManifestItems;
                   C:\Users\paulm\.nuget\packages\microsoft.windowsappsdk\1.6.240829007\buildTransitive\Microsoft.Build.Msix.Pri.targets(76,5): message :       GetPackagingOutputs;
                   C:\Users\paulm\.nuget\packages\microsoft.windowsappsdk\1.6.240829007\buildTransitive\Microsoft.Build.Msix.Pri.targets(76,5): message :       _GetPackageProperties;
                   C:\Users\paulm\.nuget\packages\microsoft.windowsappsdk\1.6.240829007\buildTransitive\Microsoft.Build.Msix.Pri.targets(76,5): message :       _ComputeAppxPackagePayload;
                   C:\Users\paulm\.nuget\packages\microsoft.windowsappsdk\1.6.240829007\buildTransitive\Microsoft.Build.Msix.Pri.targets(76,5): message :       _GenerateAppxManifest;
                   C:\Users\paulm\.nuget\packages\microsoft.windowsappsdk\1.6.240829007\buildTransitive\Microsoft.Build.Msix.Pri.targets(76,5): message :       _GenerateAppxPackageRecipe;
                   C:\Users\paulm\.nuget\packages\microsoft.windowsappsdk\1.6.240829007\buildTransitive\Microsoft.Build.Msix.Pri.targets(76,5): message :     ") at C:\Users\paulm\.nuget\packages\microsoft.windowsappsdk\1.6.240829007\buildTransitive\Microsoft.Build.Msix.Pri.targets (76,5)
                   C:\Users\paulm\.nuget\packages\microsoft.windowsappsdk\1.6.240829007\buildTransitive\Microsoft.Build.Msix.Pri.targets(126,5): message : Property reassignment: $(PrepareForRunDependsOn)="
                   C:\Users\paulm\.nuget\packages\microsoft.windowsappsdk\1.6.240829007\buildTransitive\Microsoft.Build.Msix.Pri.targets(126,5): message :       GenerateProjectPriFile;
                   C:\Users\paulm\.nuget\packages\microsoft.windowsappsdk\1.6.240829007\buildTransitive\Microsoft.Build.Msix.Pri.targets(126,5): message :       
                   C:\Users\paulm\.nuget\packages\microsoft.windowsappsdk\1.6.240829007\buildTransitive\Microsoft.Build.Msix.Pri.targets(126,5): message :       PrepareMsixPackage;
                   C:\Users\paulm\.nuget\packages\microsoft.windowsappsdk\1.6.240829007\buildTransitive\Microsoft.Build.Msix.Pri.targets(126,5): message :       
                   C:\Users\paulm\.nuget\packages\microsoft.windowsappsdk\1.6.240829007\buildTransitive\Microsoft.Build.Msix.Pri.targets(126,5): message :       CopyFilesToOutputDirectory
                   C:\Users\paulm\.nuget\packages\microsoft.windowsappsdk\1.6.240829007\buildTransitive\Microsoft.Build.Msix.Pri.targets(126,5): message :     ;
                   C:\Users\paulm\.nuget\packages\microsoft.windowsappsdk\1.6.240829007\buildTransitive\Microsoft.Build.Msix.Pri.targets(126,5): message :     ;
                   C:\Users\paulm\.nuget\packages\microsoft.windowsappsdk\1.6.240829007\buildTransitive\Microsoft.Build.Msix.Pri.targets(126,5): message :     " (previous value: "
                   C:\Users\paulm\.nuget\packages\microsoft.windowsappsdk\1.6.240829007\buildTransitive\Microsoft.Build.Msix.Pri.targets(126,5): message :       PrepareMsixPackage;
                   C:\Users\paulm\.nuget\packages\microsoft.windowsappsdk\1.6.240829007\buildTransitive\Microsoft.Build.Msix.Pri.targets(126,5): message :       
                   C:\Users\paulm\.nuget\packages\microsoft.windowsappsdk\1.6.240829007\buildTransitive\Microsoft.Build.Msix.Pri.targets(126,5): message :       CopyFilesToOutputDirectory
                   C:\Users\paulm\.nuget\packages\microsoft.windowsappsdk\1.6.240829007\buildTransitive\Microsoft.Build.Msix.Pri.targets(126,5): message :     ;
                   C:\Users\paulm\.nuget\packages\microsoft.windowsappsdk\1.6.240829007\buildTransitive\Microsoft.Build.Msix.Pri.targets(126,5): message :     ") at C:\Users\paulm\.nuget\packages\microsoft.windowsappsdk\1.6.240829007\buildTransitive\Microsoft.Build.Msix.Pri.targets (126,5)
                   C:\Users\paulm\.nuget\packages\microsoft.windowsappsdk\1.6.240829007\buildTransitive\Microsoft.Build.Msix.Pri.targets(413,5): message : Property reassignment: $(GetCopyToOutputDirectoryItemsDependsOn)="
                   C:\Users\paulm\.nuget\packages\microsoft.windowsappsdk\1.6.240829007\buildTransitive\Microsoft.Build.Msix.Pri.targets(413,5): message :       GetPriOutputs;
                   C:\Users\paulm\.nuget\packages\microsoft.windowsappsdk\1.6.240829007\buildTransitive\Microsoft.Build.Msix.Pri.targets(413,5): message :       
                   C:\Users\paulm\.nuget\packages\microsoft.windowsappsdk\1.6.240829007\buildTransitive\Microsoft.Build.Msix.Pri.targets(413,5): message :       AssignTargetPaths;
                   C:\Users\paulm\.nuget\packages\microsoft.windowsappsdk\1.6.240829007\buildTransitive\Microsoft.Build.Msix.Pri.targets(413,5): message :       
                   C:\Users\paulm\.nuget\packages\microsoft.windowsappsdk\1.6.240829007\buildTransitive\Microsoft.Build.Msix.Pri.targets(413,5): message :       AssignProjectConfiguration;
                   C:\Users\paulm\.nuget\packages\microsoft.windowsappsdk\1.6.240829007\buildTransitive\Microsoft.Build.Msix.Pri.targets(413,5): message :       _SplitProjectReferencesByFileExistence
                   C:\Users\paulm\.nuget\packages\microsoft.windowsappsdk\1.6.240829007\buildTransitive\Microsoft.Build.Msix.Pri.targets(413,5): message :     ;
                   C:\Users\paulm\.nuget\packages\microsoft.windowsappsdk\1.6.240829007\buildTransitive\Microsoft.Build.Msix.Pri.targets(413,5): message :       _GetProjectReferenceTargetFrameworkProperties;
                   C:\Users\paulm\.nuget\packages\microsoft.windowsappsdk\1.6.240829007\buildTransitive\Microsoft.Build.Msix.Pri.targets(413,5): message :       _PopulateCommonStateForGetCopyToOutputDirectoryItems
                   C:\Users\paulm\.nuget\packages\microsoft.windowsappsdk\1.6.240829007\buildTransitive\Microsoft.Build.Msix.Pri.targets(413,5): message :     ;
                   C:\Users\paulm\.nuget\packages\microsoft.windowsappsdk\1.6.240829007\buildTransitive\Microsoft.Build.Msix.Pri.targets(413,5): message :     " (previous value: "
                   C:\Users\paulm\.nuget\packages\microsoft.windowsappsdk\1.6.240829007\buildTransitive\Microsoft.Build.Msix.Pri.targets(413,5): message :       AssignTargetPaths;
                   C:\Users\paulm\.nuget\packages\microsoft.windowsappsdk\1.6.240829007\buildTransitive\Microsoft.Build.Msix.Pri.targets(413,5): message :       
                   C:\Users\paulm\.nuget\packages\microsoft.windowsappsdk\1.6.240829007\buildTransitive\Microsoft.Build.Msix.Pri.targets(413,5): message :       AssignProjectConfiguration;
                   C:\Users\paulm\.nuget\packages\microsoft.windowsappsdk\1.6.240829007\buildTransitive\Microsoft.Build.Msix.Pri.targets(413,5): message :       _SplitProjectReferencesByFileExistence
                   C:\Users\paulm\.nuget\packages\microsoft.windowsappsdk\1.6.240829007\buildTransitive\Microsoft.Build.Msix.Pri.targets(413,5): message :     ;
                   C:\Users\paulm\.nuget\packages\microsoft.windowsappsdk\1.6.240829007\buildTransitive\Microsoft.Build.Msix.Pri.targets(413,5): message :       _GetProjectReferenceTargetFrameworkProperties;
                   C:\Users\paulm\.nuget\packages\microsoft.windowsappsdk\1.6.240829007\buildTransitive\Microsoft.Build.Msix.Pri.targets(413,5): message :       _PopulateCommonStateForGetCopyToOutputDirectoryItems
                   C:\Users\paulm\.nuget\packages\microsoft.windowsappsdk\1.6.240829007\buildTransitive\Microsoft.Build.Msix.Pri.targets(413,5): message :     ") at C:\Users\paulm\.nuget\packages\microsoft.windowsappsdk\1.6.240829007\buildTransitive\Microsoft.Build.Msix.Pri.targets (413,5)
                   C:\Users\paulm\.nuget\packages\microsoft.windowsappsdk\1.6.240829007\buildTransitive\Microsoft.Build.Msix.Pri.targets(422,5): message : Property reassignment: $(GetCopyToOutputDirectoryItemsDependsOn)="
                   C:\Users\paulm\.nuget\packages\microsoft.windowsappsdk\1.6.240829007\buildTransitive\Microsoft.Build.Msix.Pri.targets(422,5): message :       AddProcessedXamlFilesToCopyLocal;
                   C:\Users\paulm\.nuget\packages\microsoft.windowsappsdk\1.6.240829007\buildTransitive\Microsoft.Build.Msix.Pri.targets(422,5): message :       
                   C:\Users\paulm\.nuget\packages\microsoft.windowsappsdk\1.6.240829007\buildTransitive\Microsoft.Build.Msix.Pri.targets(422,5): message :       GetPriOutputs;
                   C:\Users\paulm\.nuget\packages\microsoft.windowsappsdk\1.6.240829007\buildTransitive\Microsoft.Build.Msix.Pri.targets(422,5): message :       
                   C:\Users\paulm\.nuget\packages\microsoft.windowsappsdk\1.6.240829007\buildTransitive\Microsoft.Build.Msix.Pri.targets(422,5): message :       AssignTargetPaths;
                   C:\Users\paulm\.nuget\packages\microsoft.windowsappsdk\1.6.240829007\buildTransitive\Microsoft.Build.Msix.Pri.targets(422,5): message :       
                   C:\Users\paulm\.nuget\packages\microsoft.windowsappsdk\1.6.240829007\buildTransitive\Microsoft.Build.Msix.Pri.targets(422,5): message :       AssignProjectConfiguration;
                   C:\Users\paulm\.nuget\packages\microsoft.windowsappsdk\1.6.240829007\buildTransitive\Microsoft.Build.Msix.Pri.targets(422,5): message :       _SplitProjectReferencesByFileExistence
                   C:\Users\paulm\.nuget\packages\microsoft.windowsappsdk\1.6.240829007\buildTransitive\Microsoft.Build.Msix.Pri.targets(422,5): message :     ;
                   C:\Users\paulm\.nuget\packages\microsoft.windowsappsdk\1.6.240829007\buildTransitive\Microsoft.Build.Msix.Pri.targets(422,5): message :       _GetProjectReferenceTargetFrameworkProperties;
                   C:\Users\paulm\.nuget\packages\microsoft.windowsappsdk\1.6.240829007\buildTransitive\Microsoft.Build.Msix.Pri.targets(422,5): message :       _PopulateCommonStateForGetCopyToOutputDirectoryItems
                   C:\Users\paulm\.nuget\packages\microsoft.windowsappsdk\1.6.240829007\buildTransitive\Microsoft.Build.Msix.Pri.targets(422,5): message :     ;
                   C:\Users\paulm\.nuget\packages\microsoft.windowsappsdk\1.6.240829007\buildTransitive\Microsoft.Build.Msix.Pri.targets(422,5): message :     ;
                   C:\Users\paulm\.nuget\packages\microsoft.windowsappsdk\1.6.240829007\buildTransitive\Microsoft.Build.Msix.Pri.targets(422,5): message :     " (previous value: "
                   C:\Users\paulm\.nuget\packages\microsoft.windowsappsdk\1.6.240829007\buildTransitive\Microsoft.Build.Msix.Pri.targets(422,5): message :       GetPriOutputs;
                   C:\Users\paulm\.nuget\packages\microsoft.windowsappsdk\1.6.240829007\buildTransitive\Microsoft.Build.Msix.Pri.targets(422,5): message :       
                   C:\Users\paulm\.nuget\packages\microsoft.windowsappsdk\1.6.240829007\buildTransitive\Microsoft.Build.Msix.Pri.targets(422,5): message :       AssignTargetPaths;
                   C:\Users\paulm\.nuget\packages\microsoft.windowsappsdk\1.6.240829007\buildTransitive\Microsoft.Build.Msix.Pri.targets(422,5): message :       
                   C:\Users\paulm\.nuget\packages\microsoft.windowsappsdk\1.6.240829007\buildTransitive\Microsoft.Build.Msix.Pri.targets(422,5): message :       AssignProjectConfiguration;
                   C:\Users\paulm\.nuget\packages\microsoft.windowsappsdk\1.6.240829007\buildTransitive\Microsoft.Build.Msix.Pri.targets(422,5): message :       _SplitProjectReferencesByFileExistence
                   C:\Users\paulm\.nuget\packages\microsoft.windowsappsdk\1.6.240829007\buildTransitive\Microsoft.Build.Msix.Pri.targets(422,5): message :     ;
                   C:\Users\paulm\.nuget\packages\microsoft.windowsappsdk\1.6.240829007\buildTransitive\Microsoft.Build.Msix.Pri.targets(422,5): message :       _GetProjectReferenceTargetFrameworkProperties;
                   C:\Users\paulm\.nuget\packages\microsoft.windowsappsdk\1.6.240829007\buildTransitive\Microsoft.Build.Msix.Pri.targets(422,5): message :       _PopulateCommonStateForGetCopyToOutputDirectoryItems
                   C:\Users\paulm\.nuget\packages\microsoft.windowsappsdk\1.6.240829007\buildTransitive\Microsoft.Build.Msix.Pri.targets(422,5): message :     ;
                   C:\Users\paulm\.nuget\packages\microsoft.windowsappsdk\1.6.240829007\buildTransitive\Microsoft.Build.Msix.Pri.targets(422,5): message :     ") at C:\Users\paulm\.nuget\packages\microsoft.windowsappsdk\1.6.240829007\buildTransitive\Microsoft.Build.Msix.Pri.targets (422,5)
                   C:\Users\paulm\.nuget\packages\microsoft.windowsappsdk\1.6.240829007\buildTransitive\Microsoft.WindowsAppSDK.SelfContained.targets(22,9): message : Property reassignment: $(GetCopyToOutputDirectoryItemsDependsOn)="
                   C:\Users\paulm\.nuget\packages\microsoft.windowsappsdk\1.6.240829007\buildTransitive\Microsoft.WindowsAppSDK.SelfContained.targets(22,9): message :             
                   C:\Users\paulm\.nuget\packages\microsoft.windowsappsdk\1.6.240829007\buildTransitive\Microsoft.WindowsAppSDK.SelfContained.targets(22,9): message :       AddProcessedXamlFilesToCopyLocal;
                   C:\Users\paulm\.nuget\packages\microsoft.windowsappsdk\1.6.240829007\buildTransitive\Microsoft.WindowsAppSDK.SelfContained.targets(22,9): message :       
                   C:\Users\paulm\.nuget\packages\microsoft.windowsappsdk\1.6.240829007\buildTransitive\Microsoft.WindowsAppSDK.SelfContained.targets(22,9): message :       GetPriOutputs;
                   C:\Users\paulm\.nuget\packages\microsoft.windowsappsdk\1.6.240829007\buildTransitive\Microsoft.WindowsAppSDK.SelfContained.targets(22,9): message :       
                   C:\Users\paulm\.nuget\packages\microsoft.windowsappsdk\1.6.240829007\buildTransitive\Microsoft.WindowsAppSDK.SelfContained.targets(22,9): message :       AssignTargetPaths;
                   C:\Users\paulm\.nuget\packages\microsoft.windowsappsdk\1.6.240829007\buildTransitive\Microsoft.WindowsAppSDK.SelfContained.targets(22,9): message :       
                   C:\Users\paulm\.nuget\packages\microsoft.windowsappsdk\1.6.240829007\buildTransitive\Microsoft.WindowsAppSDK.SelfContained.targets(22,9): message :       AssignProjectConfiguration;
                   C:\Users\paulm\.nuget\packages\microsoft.windowsappsdk\1.6.240829007\buildTransitive\Microsoft.WindowsAppSDK.SelfContained.targets(22,9): message :       _SplitProjectReferencesByFileExistence
                   C:\Users\paulm\.nuget\packages\microsoft.windowsappsdk\1.6.240829007\buildTransitive\Microsoft.WindowsAppSDK.SelfContained.targets(22,9): message :     ;
                   C:\Users\paulm\.nuget\packages\microsoft.windowsappsdk\1.6.240829007\buildTransitive\Microsoft.WindowsAppSDK.SelfContained.targets(22,9): message :       _GetProjectReferenceTargetFrameworkProperties;
                   C:\Users\paulm\.nuget\packages\microsoft.windowsappsdk\1.6.240829007\buildTransitive\Microsoft.WindowsAppSDK.SelfContained.targets(22,9): message :       _PopulateCommonStateForGetCopyToOutputDirectoryItems
                   C:\Users\paulm\.nuget\packages\microsoft.windowsappsdk\1.6.240829007\buildTransitive\Microsoft.WindowsAppSDK.SelfContained.targets(22,9): message :     ;
                   C:\Users\paulm\.nuget\packages\microsoft.windowsappsdk\1.6.240829007\buildTransitive\Microsoft.WindowsAppSDK.SelfContained.targets(22,9): message :     ;
                   C:\Users\paulm\.nuget\packages\microsoft.windowsappsdk\1.6.240829007\buildTransitive\Microsoft.WindowsAppSDK.SelfContained.targets(22,9): message :     ;
                   C:\Users\paulm\.nuget\packages\microsoft.windowsappsdk\1.6.240829007\buildTransitive\Microsoft.WindowsAppSDK.SelfContained.targets(22,9): message :             AddMicrosoftWindowsAppSDKPayloadFiles
                   C:\Users\paulm\.nuget\packages\microsoft.windowsappsdk\1.6.240829007\buildTransitive\Microsoft.WindowsAppSDK.SelfContained.targets(22,9): message :         " (previous value: "
                   C:\Users\paulm\.nuget\packages\microsoft.windowsappsdk\1.6.240829007\buildTransitive\Microsoft.WindowsAppSDK.SelfContained.targets(22,9): message :       AddProcessedXamlFilesToCopyLocal;
                   C:\Users\paulm\.nuget\packages\microsoft.windowsappsdk\1.6.240829007\buildTransitive\Microsoft.WindowsAppSDK.SelfContained.targets(22,9): message :       
                   C:\Users\paulm\.nuget\packages\microsoft.windowsappsdk\1.6.240829007\buildTransitive\Microsoft.WindowsAppSDK.SelfContained.targets(22,9): message :       GetPriOutputs;
                   C:\Users\paulm\.nuget\packages\microsoft.windowsappsdk\1.6.240829007\buildTransitive\Microsoft.WindowsAppSDK.SelfContained.targets(22,9): message :       
                   C:\Users\paulm\.nuget\packages\microsoft.windowsappsdk\1.6.240829007\buildTransitive\Microsoft.WindowsAppSDK.SelfContained.targets(22,9): message :       AssignTargetPaths;
                   C:\Users\paulm\.nuget\packages\microsoft.windowsappsdk\1.6.240829007\buildTransitive\Microsoft.WindowsAppSDK.SelfContained.targets(22,9): message :       
                   C:\Users\paulm\.nuget\packages\microsoft.windowsappsdk\1.6.240829007\buildTransitive\Microsoft.WindowsAppSDK.SelfContained.targets(22,9): message :       AssignProjectConfiguration;
                   C:\Users\paulm\.nuget\packages\microsoft.windowsappsdk\1.6.240829007\buildTransitive\Microsoft.WindowsAppSDK.SelfContained.targets(22,9): message :       _SplitProjectReferencesByFileExistence
                   C:\Users\paulm\.nuget\packages\microsoft.windowsappsdk\1.6.240829007\buildTransitive\Microsoft.WindowsAppSDK.SelfContained.targets(22,9): message :     ;
                   C:\Users\paulm\.nuget\packages\microsoft.windowsappsdk\1.6.240829007\buildTransitive\Microsoft.WindowsAppSDK.SelfContained.targets(22,9): message :       _GetProjectReferenceTargetFrameworkProperties;
                   C:\Users\paulm\.nuget\packages\microsoft.windowsappsdk\1.6.240829007\buildTransitive\Microsoft.WindowsAppSDK.SelfContained.targets(22,9): message :       _PopulateCommonStateForGetCopyToOutputDirectoryItems
                   C:\Users\paulm\.nuget\packages\microsoft.windowsappsdk\1.6.240829007\buildTransitive\Microsoft.WindowsAppSDK.SelfContained.targets(22,9): message :     ;
                   C:\Users\paulm\.nuget\packages\microsoft.windowsappsdk\1.6.240829007\buildTransitive\Microsoft.WindowsAppSDK.SelfContained.targets(22,9): message :     ;
                   C:\Users\paulm\.nuget\packages\microsoft.windowsappsdk\1.6.240829007\buildTransitive\Microsoft.WindowsAppSDK.SelfContained.targets(22,9): message :     ") at C:\Users\paulm\.nuget\packages\microsoft.windowsappsdk\1.6.240829007\buildTransitive\Microsoft.WindowsAppSDK.SelfContained.targets (22,9)
                   C:\Users\paulm\.nuget\packages\microsoft.windowsappsdk\1.6.240829007\buildTransitive\Microsoft.WindowsAppSDK.SelfContained.targets(293,9): message : Property reassignment: $(DefineConstants)="TRACE;DISABLE_XAML_GENERATED_MAIN;MICROSOFT_WINDOWSAPPSDK_SELFCONTAINED" (previous value: "TRACE;DISABLE_XAML_GENERATED_MAIN") at C:\Users\paulm\.nuget\packages\microsoft.windowsappsdk\1.6.240829007\buildTransitive\Microsoft.WindowsAppSDK.SelfContained.targets (293,9)
                   C:\Users\paulm\.nuget\packages\microsoft.windowsappsdk\1.6.240829007\buildTransitive\Microsoft.WindowsAppSDK.targets(47,9): message : Property reassignment: $(ResolveReferencesDependsOn)="
                   C:\Users\paulm\.nuget\packages\microsoft.windowsappsdk\1.6.240829007\buildTransitive\Microsoft.WindowsAppSDK.targets(47,9): message :             
                   C:\Users\paulm\.nuget\packages\microsoft.windowsappsdk\1.6.240829007\buildTransitive\Microsoft.WindowsAppSDK.targets(47,9): message :             
                   C:\Users\paulm\.nuget\packages\microsoft.windowsappsdk\1.6.240829007\buildTransitive\Microsoft.WindowsAppSDK.targets(47,9): message :       BeforeResolveReferences;
                   C:\Users\paulm\.nuget\packages\microsoft.windowsappsdk\1.6.240829007\buildTransitive\Microsoft.WindowsAppSDK.targets(47,9): message :       AssignProjectConfiguration;
                   C:\Users\paulm\.nuget\packages\microsoft.windowsappsdk\1.6.240829007\buildTransitive\Microsoft.WindowsAppSDK.targets(47,9): message :       ResolveProjectReferences;
                   C:\Users\paulm\.nuget\packages\microsoft.windowsappsdk\1.6.240829007\buildTransitive\Microsoft.WindowsAppSDK.targets(47,9): message :       FindInvalidProjectReferences;
                   C:\Users\paulm\.nuget\packages\microsoft.windowsappsdk\1.6.240829007\buildTransitive\Microsoft.WindowsAppSDK.targets(47,9): message :       ResolveNativeReferences;
                   C:\Users\paulm\.nuget\packages\microsoft.windowsappsdk\1.6.240829007\buildTransitive\Microsoft.WindowsAppSDK.targets(47,9): message :       ResolveAssemblyReferences;
                   C:\Users\paulm\.nuget\packages\microsoft.windowsappsdk\1.6.240829007\buildTransitive\Microsoft.WindowsAppSDK.targets(47,9): message :       GenerateBindingRedirects;
                   C:\Users\paulm\.nuget\packages\microsoft.windowsappsdk\1.6.240829007\buildTransitive\Microsoft.WindowsAppSDK.targets(47,9): message :       GenerateBindingRedirectsUpdateAppConfig;
                   C:\Users\paulm\.nuget\packages\microsoft.windowsappsdk\1.6.240829007\buildTransitive\Microsoft.WindowsAppSDK.targets(47,9): message :       ResolveComReferences;
                   C:\Users\paulm\.nuget\packages\microsoft.windowsappsdk\1.6.240829007\buildTransitive\Microsoft.WindowsAppSDK.targets(47,9): message :       AfterResolveReferences
                   C:\Users\paulm\.nuget\packages\microsoft.windowsappsdk\1.6.240829007\buildTransitive\Microsoft.WindowsAppSDK.targets(47,9): message :     ;
                   C:\Users\paulm\.nuget\packages\microsoft.windowsappsdk\1.6.240829007\buildTransitive\Microsoft.WindowsAppSDK.targets(47,9): message :             ImplicitlyExpandTargetFramework;
                   C:\Users\paulm\.nuget\packages\microsoft.windowsappsdk\1.6.240829007\buildTransitive\Microsoft.WindowsAppSDK.targets(47,9): message :             ImplicitlyExpandTargetPlatform
                   C:\Users\paulm\.nuget\packages\microsoft.windowsappsdk\1.6.240829007\buildTransitive\Microsoft.WindowsAppSDK.targets(47,9): message :         ;WindowsAppSDKVerifyCsWinRtVersions
                   C:\Users\paulm\.nuget\packages\microsoft.windowsappsdk\1.6.240829007\buildTransitive\Microsoft.WindowsAppSDK.targets(47,9): message :         " (previous value: "
                   C:\Users\paulm\.nuget\packages\microsoft.windowsappsdk\1.6.240829007\buildTransitive\Microsoft.WindowsAppSDK.targets(47,9): message :             
                   C:\Users\paulm\.nuget\packages\microsoft.windowsappsdk\1.6.240829007\buildTransitive\Microsoft.WindowsAppSDK.targets(47,9): message :       BeforeResolveReferences;
                   C:\Users\paulm\.nuget\packages\microsoft.windowsappsdk\1.6.240829007\buildTransitive\Microsoft.WindowsAppSDK.targets(47,9): message :       AssignProjectConfiguration;
                   C:\Users\paulm\.nuget\packages\microsoft.windowsappsdk\1.6.240829007\buildTransitive\Microsoft.WindowsAppSDK.targets(47,9): message :       ResolveProjectReferences;
                   C:\Users\paulm\.nuget\packages\microsoft.windowsappsdk\1.6.240829007\buildTransitive\Microsoft.WindowsAppSDK.targets(47,9): message :       FindInvalidProjectReferences;
                   C:\Users\paulm\.nuget\packages\microsoft.windowsappsdk\1.6.240829007\buildTransitive\Microsoft.WindowsAppSDK.targets(47,9): message :       ResolveNativeReferences;
                   C:\Users\paulm\.nuget\packages\microsoft.windowsappsdk\1.6.240829007\buildTransitive\Microsoft.WindowsAppSDK.targets(47,9): message :       ResolveAssemblyReferences;
                   C:\Users\paulm\.nuget\packages\microsoft.windowsappsdk\1.6.240829007\buildTransitive\Microsoft.WindowsAppSDK.targets(47,9): message :       GenerateBindingRedirects;
                   C:\Users\paulm\.nuget\packages\microsoft.windowsappsdk\1.6.240829007\buildTransitive\Microsoft.WindowsAppSDK.targets(47,9): message :       GenerateBindingRedirectsUpdateAppConfig;
                   C:\Users\paulm\.nuget\packages\microsoft.windowsappsdk\1.6.240829007\buildTransitive\Microsoft.WindowsAppSDK.targets(47,9): message :       ResolveComReferences;
                   C:\Users\paulm\.nuget\packages\microsoft.windowsappsdk\1.6.240829007\buildTransitive\Microsoft.WindowsAppSDK.targets(47,9): message :       AfterResolveReferences
                   C:\Users\paulm\.nuget\packages\microsoft.windowsappsdk\1.6.240829007\buildTransitive\Microsoft.WindowsAppSDK.targets(47,9): message :     ;
                   C:\Users\paulm\.nuget\packages\microsoft.windowsappsdk\1.6.240829007\buildTransitive\Microsoft.WindowsAppSDK.targets(47,9): message :             ImplicitlyExpandTargetFramework;
                   C:\Users\paulm\.nuget\packages\microsoft.windowsappsdk\1.6.240829007\buildTransitive\Microsoft.WindowsAppSDK.targets(47,9): message :             ImplicitlyExpandTargetPlatform
                   C:\Users\paulm\.nuget\packages\microsoft.windowsappsdk\1.6.240829007\buildTransitive\Microsoft.WindowsAppSDK.targets(47,9): message :         ") at C:\Users\paulm\.nuget\packages\microsoft.windowsappsdk\1.6.240829007\buildTransitive\Microsoft.WindowsAppSDK.targets (47,9)
                   C:\Program Files\dotnet\sdk\10.0.201\Sdks\Microsoft.NET.Sdk\targets\Microsoft.PackageDependencyResolution.targets(29,5): message : Property reassignment: $(ProjectAssetsCacheFile)="C:\Users\paulm\.mainroot\Mixr\Mixr.App\obj\x64\Debug\net9.0-windows10.0.22621.0\win-x64\Mixr.App.assets.cache" (previous value: "obj\x64\Debug\net9.0-windows10.0.22621.0\win-x64\Mixr.App.assets.cache") at C:\Program Files\dotnet\sdk\10.0.201\Sdks\Microsoft.NET.Sdk\targets\Microsoft.PackageDependencyResolution.targets (29,5)
                   C:\Program Files\dotnet\sdk\10.0.201\Sdks\Microsoft.NET.Sdk\targets\Microsoft.PackageDependencyResolution.targets(80,5): message : Property reassignment: $(ResolveAssemblyReferencesDependsOn)="
                   C:\Program Files\dotnet\sdk\10.0.201\Sdks\Microsoft.NET.Sdk\targets\Microsoft.PackageDependencyResolution.targets(80,5): message :       
                   C:\Program Files\dotnet\sdk\10.0.201\Sdks\Microsoft.NET.Sdk\targets\Microsoft.PackageDependencyResolution.targets(80,5): message :       ResolveProjectReferences;
                   C:\Program Files\dotnet\sdk\10.0.201\Sdks\Microsoft.NET.Sdk\targets\Microsoft.PackageDependencyResolution.targets(80,5): message :       FindInvalidProjectReferences;
                   C:\Program Files\dotnet\sdk\10.0.201\Sdks\Microsoft.NET.Sdk\targets\Microsoft.PackageDependencyResolution.targets(80,5): message :       GetFrameworkPaths;
                   C:\Program Files\dotnet\sdk\10.0.201\Sdks\Microsoft.NET.Sdk\targets\Microsoft.PackageDependencyResolution.targets(80,5): message :       GetReferenceAssemblyPaths;
                   C:\Program Files\dotnet\sdk\10.0.201\Sdks\Microsoft.NET.Sdk\targets\Microsoft.PackageDependencyResolution.targets(80,5): message :       PrepareForBuild;
                   C:\Program Files\dotnet\sdk\10.0.201\Sdks\Microsoft.NET.Sdk\targets\Microsoft.PackageDependencyResolution.targets(80,5): message :       ResolveSDKReferences;
                   C:\Program Files\dotnet\sdk\10.0.201\Sdks\Microsoft.NET.Sdk\targets\Microsoft.PackageDependencyResolution.targets(80,5): message :       ExpandSDKReferences;
                   C:\Program Files\dotnet\sdk\10.0.201\Sdks\Microsoft.NET.Sdk\targets\Microsoft.PackageDependencyResolution.targets(80,5): message :     ;
                   C:\Program Files\dotnet\sdk\10.0.201\Sdks\Microsoft.NET.Sdk\targets\Microsoft.PackageDependencyResolution.targets(80,5): message :       ResolvePackageDependenciesForBuild;
                   C:\Program Files\dotnet\sdk\10.0.201\Sdks\Microsoft.NET.Sdk\targets\Microsoft.PackageDependencyResolution.targets(80,5): message :       _HandlePackageFileConflicts;
                   C:\Program Files\dotnet\sdk\10.0.201\Sdks\Microsoft.NET.Sdk\targets\Microsoft.PackageDependencyResolution.targets(80,5): message :     " (previous value: "
                   C:\Program Files\dotnet\sdk\10.0.201\Sdks\Microsoft.NET.Sdk\targets\Microsoft.PackageDependencyResolution.targets(80,5): message :       ResolveProjectReferences;
                   C:\Program Files\dotnet\sdk\10.0.201\Sdks\Microsoft.NET.Sdk\targets\Microsoft.PackageDependencyResolution.targets(80,5): message :       FindInvalidProjectReferences;
                   C:\Program Files\dotnet\sdk\10.0.201\Sdks\Microsoft.NET.Sdk\targets\Microsoft.PackageDependencyResolution.targets(80,5): message :       GetFrameworkPaths;
                   C:\Program Files\dotnet\sdk\10.0.201\Sdks\Microsoft.NET.Sdk\targets\Microsoft.PackageDependencyResolution.targets(80,5): message :       GetReferenceAssemblyPaths;
                   C:\Program Files\dotnet\sdk\10.0.201\Sdks\Microsoft.NET.Sdk\targets\Microsoft.PackageDependencyResolution.targets(80,5): message :       PrepareForBuild;
                   C:\Program Files\dotnet\sdk\10.0.201\Sdks\Microsoft.NET.Sdk\targets\Microsoft.PackageDependencyResolution.targets(80,5): message :       ResolveSDKReferences;
                   C:\Program Files\dotnet\sdk\10.0.201\Sdks\Microsoft.NET.Sdk\targets\Microsoft.PackageDependencyResolution.targets(80,5): message :       ExpandSDKReferences;
                   C:\Program Files\dotnet\sdk\10.0.201\Sdks\Microsoft.NET.Sdk\targets\Microsoft.PackageDependencyResolution.targets(80,5): message :     ") at C:\Program Files\dotnet\sdk\10.0.201\Sdks\Microsoft.NET.Sdk\targets\Microsoft.PackageDependencyResolution.targets (80,5)
                   C:\Program Files\dotnet\sdk\10.0.201\Sdks\Microsoft.NET.Sdk\targets\Microsoft.PackageDependencyResolution.targets(86,5): message : Property reassignment: $(PrepareResourcesDependsOn)="
                   C:\Program Files\dotnet\sdk\10.0.201\Sdks\Microsoft.NET.Sdk\targets\Microsoft.PackageDependencyResolution.targets(86,5): message :       ResolvePackageDependenciesForBuild;
                   C:\Program Files\dotnet\sdk\10.0.201\Sdks\Microsoft.NET.Sdk\targets\Microsoft.PackageDependencyResolution.targets(86,5): message :       _HandlePackageFileConflicts;
                   C:\Program Files\dotnet\sdk\10.0.201\Sdks\Microsoft.NET.Sdk\targets\Microsoft.PackageDependencyResolution.targets(86,5): message :       
                   C:\Program Files\dotnet\sdk\10.0.201\Sdks\Microsoft.NET.Sdk\targets\Microsoft.PackageDependencyResolution.targets(86,5): message :             ResolveKeySource;
                   C:\Program Files\dotnet\sdk\10.0.201\Sdks\Microsoft.NET.Sdk\targets\Microsoft.PackageDependencyResolution.targets(86,5): message :             AddImplicitDefineConstants;
                   C:\Program Files\dotnet\sdk\10.0.201\Sdks\Microsoft.NET.Sdk\targets\Microsoft.PackageDependencyResolution.targets(86,5): message :             MarkupCompilePass1;
                   C:\Program Files\dotnet\sdk\10.0.201\Sdks\Microsoft.NET.Sdk\targets\Microsoft.PackageDependencyResolution.targets(86,5): message :             XamlPreCompile;
                   C:\Program Files\dotnet\sdk\10.0.201\Sdks\Microsoft.NET.Sdk\targets\Microsoft.PackageDependencyResolution.targets(86,5): message :             MarkupCompilePass2;
                   C:\Program Files\dotnet\sdk\10.0.201\Sdks\Microsoft.NET.Sdk\targets\Microsoft.PackageDependencyResolution.targets(86,5): message :             
                   C:\Program Files\dotnet\sdk\10.0.201\Sdks\Microsoft.NET.Sdk\targets\Microsoft.PackageDependencyResolution.targets(86,5): message :       ;
                   C:\Program Files\dotnet\sdk\10.0.201\Sdks\Microsoft.NET.Sdk\targets\Microsoft.PackageDependencyResolution.targets(86,5): message :       PrepareResourceNames;
                   C:\Program Files\dotnet\sdk\10.0.201\Sdks\Microsoft.NET.Sdk\targets\Microsoft.PackageDependencyResolution.targets(86,5): message :       ResGen;
                   C:\Program Files\dotnet\sdk\10.0.201\Sdks\Microsoft.NET.Sdk\targets\Microsoft.PackageDependencyResolution.targets(86,5): message :       CompileLicxFiles
                   C:\Program Files\dotnet\sdk\10.0.201\Sdks\Microsoft.NET.Sdk\targets\Microsoft.PackageDependencyResolution.targets(86,5): message :     
                   C:\Program Files\dotnet\sdk\10.0.201\Sdks\Microsoft.NET.Sdk\targets\Microsoft.PackageDependencyResolution.targets(86,5): message :         
                   C:\Program Files\dotnet\sdk\10.0.201\Sdks\Microsoft.NET.Sdk\targets\Microsoft.PackageDependencyResolution.targets(86,5): message :     " (previous value: "
                   C:\Program Files\dotnet\sdk\10.0.201\Sdks\Microsoft.NET.Sdk\targets\Microsoft.PackageDependencyResolution.targets(86,5): message :             ResolveKeySource;
                   C:\Program Files\dotnet\sdk\10.0.201\Sdks\Microsoft.NET.Sdk\targets\Microsoft.PackageDependencyResolution.targets(86,5): message :             AddImplicitDefineConstants;
                   C:\Program Files\dotnet\sdk\10.0.201\Sdks\Microsoft.NET.Sdk\targets\Microsoft.PackageDependencyResolution.targets(86,5): message :             MarkupCompilePass1;
                   C:\Program Files\dotnet\sdk\10.0.201\Sdks\Microsoft.NET.Sdk\targets\Microsoft.PackageDependencyResolution.targets(86,5): message :             XamlPreCompile;
                   C:\Program Files\dotnet\sdk\10.0.201\Sdks\Microsoft.NET.Sdk\targets\Microsoft.PackageDependencyResolution.targets(86,5): message :             MarkupCompilePass2;
                   C:\Program Files\dotnet\sdk\10.0.201\Sdks\Microsoft.NET.Sdk\targets\Microsoft.PackageDependencyResolution.targets(86,5): message :             
                   C:\Program Files\dotnet\sdk\10.0.201\Sdks\Microsoft.NET.Sdk\targets\Microsoft.PackageDependencyResolution.targets(86,5): message :       ;
                   C:\Program Files\dotnet\sdk\10.0.201\Sdks\Microsoft.NET.Sdk\targets\Microsoft.PackageDependencyResolution.targets(86,5): message :       PrepareResourceNames;
                   C:\Program Files\dotnet\sdk\10.0.201\Sdks\Microsoft.NET.Sdk\targets\Microsoft.PackageDependencyResolution.targets(86,5): message :       ResGen;
                   C:\Program Files\dotnet\sdk\10.0.201\Sdks\Microsoft.NET.Sdk\targets\Microsoft.PackageDependencyResolution.targets(86,5): message :       CompileLicxFiles
                   C:\Program Files\dotnet\sdk\10.0.201\Sdks\Microsoft.NET.Sdk\targets\Microsoft.PackageDependencyResolution.targets(86,5): message :     
                   C:\Program Files\dotnet\sdk\10.0.201\Sdks\Microsoft.NET.Sdk\targets\Microsoft.PackageDependencyResolution.targets(86,5): message :         ") at C:\Program Files\dotnet\sdk\10.0.201\Sdks\Microsoft.NET.Sdk\targets\Microsoft.PackageDependencyResolution.targets (86,5)
                   C:\Program Files\dotnet\sdk\10.0.201\Sdks\Microsoft.NET.Sdk\targets\Microsoft.NET.Sdk.DefaultItems.targets(35,5): message : Property reassignment: $(DefaultItemExcludes)=";bin\x64\Debug\/**;obj\x64\Debug\/**;bin\/**" (previous value: ";bin\x64\Debug\/**;obj\x64\Debug\/**") at C:\Program Files\dotnet\sdk\10.0.201\Sdks\Microsoft.NET.Sdk\targets\Microsoft.NET.Sdk.DefaultItems.targets (35,5)
                   C:\Program Files\dotnet\sdk\10.0.201\Sdks\Microsoft.NET.Sdk\targets\Microsoft.NET.Sdk.DefaultItems.targets(37,5): message : Property reassignment: $(DefaultItemExcludes)=";bin\x64\Debug\/**;obj\x64\Debug\/**;bin\/**;obj\/**" (previous value: ";bin\x64\Debug\/**;obj\x64\Debug\/**;bin\/**") at C:\Program Files\dotnet\sdk\10.0.201\Sdks\Microsoft.NET.Sdk\targets\Microsoft.NET.Sdk.DefaultItems.targets (37,5)
                   C:\Program Files\dotnet\sdk\10.0.201\Sdks\Microsoft.NET.Sdk\targets\Microsoft.NET.Sdk.DefaultItems.targets(41,5): message : Property reassignment: $(DefaultItemExcludes)=";bin\x64\Debug\/**;obj\x64\Debug\/**;bin\/**;obj\/**;bin\Debug\net9.0-windows10.0.22621.0\win-x64\publish\/**" (previous value: ";bin\x64\Debug\/**;obj\x64\Debug\/**;bin\/**;obj\/**") at C:\Program Files\dotnet\sdk\10.0.201\Sdks\Microsoft.NET.Sdk\targets\Microsoft.NET.Sdk.DefaultItems.targets (41,5)
                   C:\Program Files\dotnet\sdk\10.0.201\Sdks\Microsoft.NET.Sdk\targets\Microsoft.NET.Sdk.DefaultItems.targets(44,5): message : Property reassignment: $(DefaultItemExcludes)=";bin\x64\Debug\/**;obj\x64\Debug\/**;bin\/**;obj\/**;bin\Debug\net9.0-windows10.0.22621.0\win-x64\publish\/**;**/*.user" (previous value: ";bin\x64\Debug\/**;obj\x64\Debug\/**;bin\/**;obj\/**;bin\Debug\net9.0-windows10.0.22621.0\win-x64\publish\/**") at C:\Program Files\dotnet\sdk\10.0.201\Sdks\Microsoft.NET.Sdk\targets\Microsoft.NET.Sdk.DefaultItems.targets (44,5)
                   C:\Program Files\dotnet\sdk\10.0.201\Sdks\Microsoft.NET.Sdk\targets\Microsoft.NET.Sdk.DefaultItems.targets(45,5): message : Property reassignment: $(DefaultItemExcludes)=";bin\x64\Debug\/**;obj\x64\Debug\/**;bin\/**;obj\/**;bin\Debug\net9.0-windows10.0.22621.0\win-x64\publish\/**;**/*.user;**/*.*proj" (previous value: ";bin\x64\Debug\/**;obj\x64\Debug\/**;bin\/**;obj\/**;bin\Debug\net9.0-windows10.0.22621.0\win-x64\publish\/**;**/*.user") at C:\Program Files\dotnet\sdk\10.0.201\Sdks\Microsoft.NET.Sdk\targets\Microsoft.NET.Sdk.DefaultItems.targets (45,5)
                   C:\Program Files\dotnet\sdk\10.0.201\Sdks\Microsoft.NET.Sdk\targets\Microsoft.NET.Sdk.DefaultItems.targets(46,5): message : Property reassignment: $(DefaultItemExcludes)=";bin\x64\Debug\/**;obj\x64\Debug\/**;bin\/**;obj\/**;bin\Debug\net9.0-windows10.0.22621.0\win-x64\publish\/**;**/*.user;**/*.*proj;**/*.sln" (previous value: ";bin\x64\Debug\/**;obj\x64\Debug\/**;bin\/**;obj\/**;bin\Debug\net9.0-windows10.0.22621.0\win-x64\publish\/**;**/*.user;**/*.*proj") at C:\Program Files\dotnet\sdk\10.0.201\Sdks\Microsoft.NET.Sdk\targets\Microsoft.NET.Sdk.DefaultItems.targets (46,5)
                   C:\Program Files\dotnet\sdk\10.0.201\Sdks\Microsoft.NET.Sdk\targets\Microsoft.NET.Sdk.DefaultItems.targets(47,5): message : Property reassignment: $(DefaultItemExcludes)=";bin\x64\Debug\/**;obj\x64\Debug\/**;bin\/**;obj\/**;bin\Debug\net9.0-windows10.0.22621.0\win-x64\publish\/**;**/*.user;**/*.*proj;**/*.sln;**/*.slnx" (previous value: ";bin\x64\Debug\/**;obj\x64\Debug\/**;bin\/**;obj\/**;bin\Debug\net9.0-windows10.0.22621.0\win-x64\publish\/**;**/*.user;**/*.*proj;**/*.sln") at C:\Program Files\dotnet\sdk\10.0.201\Sdks\Microsoft.NET.Sdk\targets\Microsoft.NET.Sdk.DefaultItems.targets (47,5)
                   C:\Program Files\dotnet\sdk\10.0.201\Sdks\Microsoft.NET.Sdk\targets\Microsoft.NET.Sdk.DefaultItems.targets(48,5): message : Property reassignment: $(DefaultItemExcludes)=";bin\x64\Debug\/**;obj\x64\Debug\/**;bin\/**;obj\/**;bin\Debug\net9.0-windows10.0.22621.0\win-x64\publish\/**;**/*.user;**/*.*proj;**/*.sln;**/*.slnx;**/*.vssscc" (previous value: ";bin\x64\Debug\/**;obj\x64\Debug\/**;bin\/**;obj\/**;bin\Debug\net9.0-windows10.0.22621.0\win-x64\publish\/**;**/*.user;**/*.*proj;**/*.sln;**/*.slnx") at C:\Program Files\dotnet\sdk\10.0.201\Sdks\Microsoft.NET.Sdk\targets\Microsoft.NET.Sdk.DefaultItems.targets (48,5)
                   C:\Program Files\dotnet\sdk\10.0.201\Sdks\Microsoft.NET.Sdk\targets\Microsoft.NET.Sdk.DefaultItems.targets(49,5): message : Property reassignment: $(DefaultItemExcludes)=";bin\x64\Debug\/**;obj\x64\Debug\/**;bin\/**;obj\/**;bin\Debug\net9.0-windows10.0.22621.0\win-x64\publish\/**;**/*.user;**/*.*proj;**/*.sln;**/*.slnx;**/*.vssscc;**/.DS_Store" (previous value: ";bin\x64\Debug\/**;obj\x64\Debug\/**;bin\/**;obj\/**;bin\Debug\net9.0-windows10.0.22621.0\win-x64\publish\/**;**/*.user;**/*.*proj;**/*.sln;**/*.slnx;**/*.vssscc") at C:\Program Files\dotnet\sdk\10.0.201\Sdks\Microsoft.NET.Sdk\targets\Microsoft.NET.Sdk.DefaultItems.targets (49,5)
                   C:\Program Files\dotnet\sdk\10.0.201\Sdks\Microsoft.NET.Sdk\targets\Microsoft.NET.Sdk.FrameworkReferenceResolution.targets(14,5): message : Property reassignment: $(ResolveAssemblyReferencesDependsOn)="
                   C:\Program Files\dotnet\sdk\10.0.201\Sdks\Microsoft.NET.Sdk\targets\Microsoft.NET.Sdk.FrameworkReferenceResolution.targets(14,5): message :       
                   C:\Program Files\dotnet\sdk\10.0.201\Sdks\Microsoft.NET.Sdk\targets\Microsoft.NET.Sdk.FrameworkReferenceResolution.targets(14,5): message :       
                   C:\Program Files\dotnet\sdk\10.0.201\Sdks\Microsoft.NET.Sdk\targets\Microsoft.NET.Sdk.FrameworkReferenceResolution.targets(14,5): message :       ResolveProjectReferences;
                   C:\Program Files\dotnet\sdk\10.0.201\Sdks\Microsoft.NET.Sdk\targets\Microsoft.NET.Sdk.FrameworkReferenceResolution.targets(14,5): message :       FindInvalidProjectReferences;
                   C:\Program Files\dotnet\sdk\10.0.201\Sdks\Microsoft.NET.Sdk\targets\Microsoft.NET.Sdk.FrameworkReferenceResolution.targets(14,5): message :       GetFrameworkPaths;
                   C:\Program Files\dotnet\sdk\10.0.201\Sdks\Microsoft.NET.Sdk\targets\Microsoft.NET.Sdk.FrameworkReferenceResolution.targets(14,5): message :       GetReferenceAssemblyPaths;
                   C:\Program Files\dotnet\sdk\10.0.201\Sdks\Microsoft.NET.Sdk\targets\Microsoft.NET.Sdk.FrameworkReferenceResolution.targets(14,5): message :       PrepareForBuild;
                   C:\Program Files\dotnet\sdk\10.0.201\Sdks\Microsoft.NET.Sdk\targets\Microsoft.NET.Sdk.FrameworkReferenceResolution.targets(14,5): message :       ResolveSDKReferences;
                   C:\Program Files\dotnet\sdk\10.0.201\Sdks\Microsoft.NET.Sdk\targets\Microsoft.NET.Sdk.FrameworkReferenceResolution.targets(14,5): message :       ExpandSDKReferences;
                   C:\Program Files\dotnet\sdk\10.0.201\Sdks\Microsoft.NET.Sdk\targets\Microsoft.NET.Sdk.FrameworkReferenceResolution.targets(14,5): message :     ;
                   C:\Program Files\dotnet\sdk\10.0.201\Sdks\Microsoft.NET.Sdk\targets\Microsoft.NET.Sdk.FrameworkReferenceResolution.targets(14,5): message :       ResolvePackageDependenciesForBuild;
                   C:\Program Files\dotnet\sdk\10.0.201\Sdks\Microsoft.NET.Sdk\targets\Microsoft.NET.Sdk.FrameworkReferenceResolution.targets(14,5): message :       _HandlePackageFileConflicts;
                   C:\Program Files\dotnet\sdk\10.0.201\Sdks\Microsoft.NET.Sdk\targets\Microsoft.NET.Sdk.FrameworkReferenceResolution.targets(14,5): message :     ;
                   C:\Program Files\dotnet\sdk\10.0.201\Sdks\Microsoft.NET.Sdk\targets\Microsoft.NET.Sdk.FrameworkReferenceResolution.targets(14,5): message :       ResolveTargetingPackAssets;
                   C:\Program Files\dotnet\sdk\10.0.201\Sdks\Microsoft.NET.Sdk\targets\Microsoft.NET.Sdk.FrameworkReferenceResolution.targets(14,5): message :     " (previous value: "
                   C:\Program Files\dotnet\sdk\10.0.201\Sdks\Microsoft.NET.Sdk\targets\Microsoft.NET.Sdk.FrameworkReferenceResolution.targets(14,5): message :       
                   C:\Program Files\dotnet\sdk\10.0.201\Sdks\Microsoft.NET.Sdk\targets\Microsoft.NET.Sdk.FrameworkReferenceResolution.targets(14,5): message :       ResolveProjectReferences;
                   C:\Program Files\dotnet\sdk\10.0.201\Sdks\Microsoft.NET.Sdk\targets\Microsoft.NET.Sdk.FrameworkReferenceResolution.targets(14,5): message :       FindInvalidProjectReferences;
                   C:\Program Files\dotnet\sdk\10.0.201\Sdks\Microsoft.NET.Sdk\targets\Microsoft.NET.Sdk.FrameworkReferenceResolution.targets(14,5): message :       GetFrameworkPaths;
                   C:\Program Files\dotnet\sdk\10.0.201\Sdks\Microsoft.NET.Sdk\targets\Microsoft.NET.Sdk.FrameworkReferenceResolution.targets(14,5): message :       GetReferenceAssemblyPaths;
                   C:\Program Files\dotnet\sdk\10.0.201\Sdks\Microsoft.NET.Sdk\targets\Microsoft.NET.Sdk.FrameworkReferenceResolution.targets(14,5): message :       PrepareForBuild;
                   C:\Program Files\dotnet\sdk\10.0.201\Sdks\Microsoft.NET.Sdk\targets\Microsoft.NET.Sdk.FrameworkReferenceResolution.targets(14,5): message :       ResolveSDKReferences;
                   C:\Program Files\dotnet\sdk\10.0.201\Sdks\Microsoft.NET.Sdk\targets\Microsoft.NET.Sdk.FrameworkReferenceResolution.targets(14,5): message :       ExpandSDKReferences;
                   C:\Program Files\dotnet\sdk\10.0.201\Sdks\Microsoft.NET.Sdk\targets\Microsoft.NET.Sdk.FrameworkReferenceResolution.targets(14,5): message :     ;
                   C:\Program Files\dotnet\sdk\10.0.201\Sdks\Microsoft.NET.Sdk\targets\Microsoft.NET.Sdk.FrameworkReferenceResolution.targets(14,5): message :       ResolvePackageDependenciesForBuild;
                   C:\Program Files\dotnet\sdk\10.0.201\Sdks\Microsoft.NET.Sdk\targets\Microsoft.NET.Sdk.FrameworkReferenceResolution.targets(14,5): message :       _HandlePackageFileConflicts;
                   C:\Program Files\dotnet\sdk\10.0.201\Sdks\Microsoft.NET.Sdk\targets\Microsoft.NET.Sdk.FrameworkReferenceResolution.targets(14,5): message :     ") at C:\Program Files\dotnet\sdk\10.0.201\Sdks\Microsoft.NET.Sdk\targets\Microsoft.NET.Sdk.FrameworkReferenceResolution.targets (14,5)
                   C:\Program Files\dotnet\sdk\10.0.201\Sdks\Microsoft.NET.Sdk\targets\Microsoft.NET.Sdk.targets(44,5): message : Property reassignment: $(_GenerateRuntimeConfigurationPropertyInputsCache)="C:\Users\paulm\.mainroot\Mixr\Mixr.App\obj\x64\Debug\net9.0-windows10.0.22621.0\win-x64\Mixr.App.genruntimeconfig.cache" (previous value: "obj\x64\Debug\net9.0-windows10.0.22621.0\win-x64\Mixr.App.genruntimeconfig.cache") at C:\Program Files\dotnet\sdk\10.0.201\Sdks\Microsoft.NET.Sdk\targets\Microsoft.NET.Sdk.targets (44,5)
                   C:\Program Files\dotnet\sdk\10.0.201\Sdks\Microsoft.NET.Sdk\targets\Microsoft.NET.Sdk.targets(46,5): message : Property reassignment: $(_GeneratePublishDependencyFilePropertyInputsCache)="C:\Users\paulm\.mainroot\Mixr\Mixr.App\obj\x64\Debug\net9.0-windows10.0.22621.0\win-x64\Mixr.App.genpublishdeps.cache" (previous value: "obj\x64\Debug\net9.0-windows10.0.22621.0\win-x64\Mixr.App.genpublishdeps.cache") at C:\Program Files\dotnet\sdk\10.0.201\Sdks\Microsoft.NET.Sdk\targets\Microsoft.NET.Sdk.targets (46,5)
                   C:\Program Files\dotnet\sdk\10.0.201\Sdks\Microsoft.NET.Sdk\targets\Microsoft.NET.Sdk.targets(48,5): message : Property reassignment: $(_GenerateSingleFileBundlePropertyInputsCache)="C:\Users\paulm\.mainroot\Mixr\Mixr.App\obj\x64\Debug\net9.0-windows10.0.22621.0\win-x64\Mixr.App.genbundle.cache" (previous value: "obj\x64\Debug\net9.0-windows10.0.22621.0\win-x64\Mixr.App.genbundle.cache") at C:\Program Files\dotnet\sdk\10.0.201\Sdks\Microsoft.NET.Sdk\targets\Microsoft.NET.Sdk.targets (48,5)
                   C:\Program Files\dotnet\sdk\10.0.201\Sdks\Microsoft.NET.Sdk\targets\Microsoft.NET.Sdk.targets(81,5): message : Property reassignment: $(GenerateRuntimeConfigDevFile)="false" (previous value: "true") at C:\Program Files\dotnet\sdk\10.0.201\Sdks\Microsoft.NET.Sdk\targets\Microsoft.NET.Sdk.targets (81,5)
                   C:\Program Files\dotnet\sdk\10.0.201\Sdks\Microsoft.NET.Sdk\targets\Microsoft.NET.Sdk.targets(98,5): message : Property reassignment: $(_DefaultUserProfileRuntimeStorePath)="C:\Users\paulm" (previous value: "") at C:\Program Files\dotnet\sdk\10.0.201\Sdks\Microsoft.NET.Sdk\targets\Microsoft.NET.Sdk.targets (98,5)
                   C:\Program Files\dotnet\sdk\10.0.201\Sdks\Microsoft.NET.Sdk\targets\Microsoft.NET.Sdk.targets(99,5): message : Property reassignment: $(_DefaultUserProfileRuntimeStorePath)="C:\Users\paulm\.dotnet\store" (previous value: "C:\Users\paulm") at C:\Program Files\dotnet\sdk\10.0.201\Sdks\Microsoft.NET.Sdk\targets\Microsoft.NET.Sdk.targets (99,5)
                   C:\Program Files\dotnet\sdk\10.0.201\Sdks\Microsoft.NET.Sdk\targets\Microsoft.NET.Sdk.targets(144,5): message : Property reassignment: $(AvailablePlatforms)="Any CPU,x86,x64,ARM32" (previous value: "Any CPU,x86,x64") at C:\Program Files\dotnet\sdk\10.0.201\Sdks\Microsoft.NET.Sdk\targets\Microsoft.NET.Sdk.targets (144,5)
                   C:\Program Files\dotnet\sdk\10.0.201\Sdks\Microsoft.NET.Sdk\targets\Microsoft.NET.Sdk.targets(148,5): message : Property reassignment: $(AvailablePlatforms)="Any CPU,x86,x64,ARM32,ARM64" (previous value: "Any CPU,x86,x64,ARM32") at C:\Program Files\dotnet\sdk\10.0.201\Sdks\Microsoft.NET.Sdk\targets\Microsoft.NET.Sdk.targets (148,5)
                   C:\Program Files\dotnet\sdk\10.0.201\Sdks\Microsoft.NET.Sdk\targets\Microsoft.NET.Sdk.targets(204,5): message : Property reassignment: $(CoreBuildDependsOn)="
                   C:\Program Files\dotnet\sdk\10.0.201\Sdks\Microsoft.NET.Sdk\targets\Microsoft.NET.Sdk.targets(204,5): message :       _CheckForBuildWithNoBuild;
                   C:\Program Files\dotnet\sdk\10.0.201\Sdks\Microsoft.NET.Sdk\targets\Microsoft.NET.Sdk.targets(204,5): message :       
                   C:\Program Files\dotnet\sdk\10.0.201\Sdks\Microsoft.NET.Sdk\targets\Microsoft.NET.Sdk.targets(204,5): message :       BuildOnlySettings;
                   C:\Program Files\dotnet\sdk\10.0.201\Sdks\Microsoft.NET.Sdk\targets\Microsoft.NET.Sdk.targets(204,5): message :       PrepareForBuild;
                   C:\Program Files\dotnet\sdk\10.0.201\Sdks\Microsoft.NET.Sdk\targets\Microsoft.NET.Sdk.targets(204,5): message :       PreBuildEvent;
                   C:\Program Files\dotnet\sdk\10.0.201\Sdks\Microsoft.NET.Sdk\targets\Microsoft.NET.Sdk.targets(204,5): message :       ResolveReferences;
                   C:\Program Files\dotnet\sdk\10.0.201\Sdks\Microsoft.NET.Sdk\targets\Microsoft.NET.Sdk.targets(204,5): message :       PrepareResources;
                   C:\Program Files\dotnet\sdk\10.0.201\Sdks\Microsoft.NET.Sdk\targets\Microsoft.NET.Sdk.targets(204,5): message :       ResolveKeySource;
                   C:\Program Files\dotnet\sdk\10.0.201\Sdks\Microsoft.NET.Sdk\targets\Microsoft.NET.Sdk.targets(204,5): message :       Compile;
                   C:\Program Files\dotnet\sdk\10.0.201\Sdks\Microsoft.NET.Sdk\targets\Microsoft.NET.Sdk.targets(204,5): message :       ExportWindowsMDFile;
                   C:\Program Files\dotnet\sdk\10.0.201\Sdks\Microsoft.NET.Sdk\targets\Microsoft.NET.Sdk.targets(204,5): message :       UnmanagedUnregistration;
                   C:\Program Files\dotnet\sdk\10.0.201\Sdks\Microsoft.NET.Sdk\targets\Microsoft.NET.Sdk.targets(204,5): message :       GenerateSerializationAssemblies;
                   C:\Program Files\dotnet\sdk\10.0.201\Sdks\Microsoft.NET.Sdk\targets\Microsoft.NET.Sdk.targets(204,5): message :       CreateSatelliteAssemblies;
                   C:\Program Files\dotnet\sdk\10.0.201\Sdks\Microsoft.NET.Sdk\targets\Microsoft.NET.Sdk.targets(204,5): message :       GenerateManifests;
                   C:\Program Files\dotnet\sdk\10.0.201\Sdks\Microsoft.NET.Sdk\targets\Microsoft.NET.Sdk.targets(204,5): message :       GetTargetPath;
                   C:\Program Files\dotnet\sdk\10.0.201\Sdks\Microsoft.NET.Sdk\targets\Microsoft.NET.Sdk.targets(204,5): message :       PrepareForRun;
                   C:\Program Files\dotnet\sdk\10.0.201\Sdks\Microsoft.NET.Sdk\targets\Microsoft.NET.Sdk.targets(204,5): message :       UnmanagedRegistration;
                   C:\Program Files\dotnet\sdk\10.0.201\Sdks\Microsoft.NET.Sdk\targets\Microsoft.NET.Sdk.targets(204,5): message :       IncrementalClean;
                   C:\Program Files\dotnet\sdk\10.0.201\Sdks\Microsoft.NET.Sdk\targets\Microsoft.NET.Sdk.targets(204,5): message :       PostBuildEvent
                   C:\Program Files\dotnet\sdk\10.0.201\Sdks\Microsoft.NET.Sdk\targets\Microsoft.NET.Sdk.targets(204,5): message :     ;
                   C:\Program Files\dotnet\sdk\10.0.201\Sdks\Microsoft.NET.Sdk\targets\Microsoft.NET.Sdk.targets(204,5): message :       GenerateBuildDependencyFile;
                   C:\Program Files\dotnet\sdk\10.0.201\Sdks\Microsoft.NET.Sdk\targets\Microsoft.NET.Sdk.targets(204,5): message :       GenerateBuildRuntimeConfigurationFiles
                   C:\Program Files\dotnet\sdk\10.0.201\Sdks\Microsoft.NET.Sdk\targets\Microsoft.NET.Sdk.targets(204,5): message :     " (previous value: "
                   C:\Program Files\dotnet\sdk\10.0.201\Sdks\Microsoft.NET.Sdk\targets\Microsoft.NET.Sdk.targets(204,5): message :       BuildOnlySettings;
                   C:\Program Files\dotnet\sdk\10.0.201\Sdks\Microsoft.NET.Sdk\targets\Microsoft.NET.Sdk.targets(204,5): message :       PrepareForBuild;
                   C:\Program Files\dotnet\sdk\10.0.201\Sdks\Microsoft.NET.Sdk\targets\Microsoft.NET.Sdk.targets(204,5): message :       PreBuildEvent;
                   C:\Program Files\dotnet\sdk\10.0.201\Sdks\Microsoft.NET.Sdk\targets\Microsoft.NET.Sdk.targets(204,5): message :       ResolveReferences;
                   C:\Program Files\dotnet\sdk\10.0.201\Sdks\Microsoft.NET.Sdk\targets\Microsoft.NET.Sdk.targets(204,5): message :       PrepareResources;
                   C:\Program Files\dotnet\sdk\10.0.201\Sdks\Microsoft.NET.Sdk\targets\Microsoft.NET.Sdk.targets(204,5): message :       ResolveKeySource;
                   C:\Program Files\dotnet\sdk\10.0.201\Sdks\Microsoft.NET.Sdk\targets\Microsoft.NET.Sdk.targets(204,5): message :       Compile;
                   C:\Program Files\dotnet\sdk\10.0.201\Sdks\Microsoft.NET.Sdk\targets\Microsoft.NET.Sdk.targets(204,5): message :       ExportWindowsMDFile;
                   C:\Program Files\dotnet\sdk\10.0.201\Sdks\Microsoft.NET.Sdk\targets\Microsoft.NET.Sdk.targets(204,5): message :       UnmanagedUnregistration;
                   C:\Program Files\dotnet\sdk\10.0.201\Sdks\Microsoft.NET.Sdk\targets\Microsoft.NET.Sdk.targets(204,5): message :       GenerateSerializationAssemblies;
                   C:\Program Files\dotnet\sdk\10.0.201\Sdks\Microsoft.NET.Sdk\targets\Microsoft.NET.Sdk.targets(204,5): message :       CreateSatelliteAssemblies;
                   C:\Program Files\dotnet\sdk\10.0.201\Sdks\Microsoft.NET.Sdk\targets\Microsoft.NET.Sdk.targets(204,5): message :       GenerateManifests;
                   C:\Program Files\dotnet\sdk\10.0.201\Sdks\Microsoft.NET.Sdk\targets\Microsoft.NET.Sdk.targets(204,5): message :       GetTargetPath;
                   C:\Program Files\dotnet\sdk\10.0.201\Sdks\Microsoft.NET.Sdk\targets\Microsoft.NET.Sdk.targets(204,5): message :       PrepareForRun;
                   C:\Program Files\dotnet\sdk\10.0.201\Sdks\Microsoft.NET.Sdk\targets\Microsoft.NET.Sdk.targets(204,5): message :       UnmanagedRegistration;
                   C:\Program Files\dotnet\sdk\10.0.201\Sdks\Microsoft.NET.Sdk\targets\Microsoft.NET.Sdk.targets(204,5): message :       IncrementalClean;
                   C:\Program Files\dotnet\sdk\10.0.201\Sdks\Microsoft.NET.Sdk\targets\Microsoft.NET.Sdk.targets(204,5): message :       PostBuildEvent
                   C:\Program Files\dotnet\sdk\10.0.201\Sdks\Microsoft.NET.Sdk\targets\Microsoft.NET.Sdk.targets(204,5): message :     ") at C:\Program Files\dotnet\sdk\10.0.201\Sdks\Microsoft.NET.Sdk\targets\Microsoft.NET.Sdk.targets (204,5)
                   C:\Program Files\dotnet\sdk\10.0.201\Sdks\Microsoft.NET.Sdk\targets\Microsoft.NET.Sdk.targets(213,5): message : Property reassignment: $(CoreCleanDependsOn)="
                   C:\Program Files\dotnet\sdk\10.0.201\Sdks\Microsoft.NET.Sdk\targets\Microsoft.NET.Sdk.targets(213,5): message :       _SdkBeforeClean;
                   C:\Program Files\dotnet\sdk\10.0.201\Sdks\Microsoft.NET.Sdk\targets\Microsoft.NET.Sdk.targets(213,5): message :       
                   C:\Program Files\dotnet\sdk\10.0.201\Sdks\Microsoft.NET.Sdk\targets\Microsoft.NET.Sdk.targets(213,5): message :     " (previous value: "") at C:\Program Files\dotnet\sdk\10.0.201\Sdks\Microsoft.NET.Sdk\targets\Microsoft.NET.Sdk.targets (213,5)
                   C:\Program Files\dotnet\sdk\10.0.201\Sdks\Microsoft.NET.Sdk\targets\Microsoft.NET.Sdk.targets(220,5): message : Property reassignment: $(RebuildDependsOn)="
                   C:\Program Files\dotnet\sdk\10.0.201\Sdks\Microsoft.NET.Sdk\targets\Microsoft.NET.Sdk.targets(220,5): message :       _SdkBeforeRebuild;
                   C:\Program Files\dotnet\sdk\10.0.201\Sdks\Microsoft.NET.Sdk\targets\Microsoft.NET.Sdk.targets(220,5): message :       
                   C:\Program Files\dotnet\sdk\10.0.201\Sdks\Microsoft.NET.Sdk\targets\Microsoft.NET.Sdk.targets(220,5): message :       BeforeRebuild;
                   C:\Program Files\dotnet\sdk\10.0.201\Sdks\Microsoft.NET.Sdk\targets\Microsoft.NET.Sdk.targets(220,5): message :       Clean;
                   C:\Program Files\dotnet\sdk\10.0.201\Sdks\Microsoft.NET.Sdk\targets\Microsoft.NET.Sdk.targets(220,5): message :       Build;
                   C:\Program Files\dotnet\sdk\10.0.201\Sdks\Microsoft.NET.Sdk\targets\Microsoft.NET.Sdk.targets(220,5): message :       AfterRebuild;
                   C:\Program Files\dotnet\sdk\10.0.201\Sdks\Microsoft.NET.Sdk\targets\Microsoft.NET.Sdk.targets(220,5): message :     
                   C:\Program Files\dotnet\sdk\10.0.201\Sdks\Microsoft.NET.Sdk\targets\Microsoft.NET.Sdk.targets(220,5): message :     " (previous value: "
                   C:\Program Files\dotnet\sdk\10.0.201\Sdks\Microsoft.NET.Sdk\targets\Microsoft.NET.Sdk.targets(220,5): message :       BeforeRebuild;
                   C:\Program Files\dotnet\sdk\10.0.201\Sdks\Microsoft.NET.Sdk\targets\Microsoft.NET.Sdk.targets(220,5): message :       Clean;
                   C:\Program Files\dotnet\sdk\10.0.201\Sdks\Microsoft.NET.Sdk\targets\Microsoft.NET.Sdk.targets(220,5): message :       Build;
                   C:\Program Files\dotnet\sdk\10.0.201\Sdks\Microsoft.NET.Sdk\targets\Microsoft.NET.Sdk.targets(220,5): message :       AfterRebuild;
                   C:\Program Files\dotnet\sdk\10.0.201\Sdks\Microsoft.NET.Sdk\targets\Microsoft.NET.Sdk.targets(220,5): message :     ") at C:\Program Files\dotnet\sdk\10.0.201\Sdks\Microsoft.NET.Sdk\targets\Microsoft.NET.Sdk.targets (220,5)
                   C:\Program Files\dotnet\sdk\10.0.201\Sdks\Microsoft.NET.Sdk\targets\Microsoft.NET.Sdk.targets(799,5): message : Property reassignment: $(CompileDependsOn)="
                   C:\Program Files\dotnet\sdk\10.0.201\Sdks\Microsoft.NET.Sdk\targets\Microsoft.NET.Sdk.targets(799,5): message :       
                   C:\Program Files\dotnet\sdk\10.0.201\Sdks\Microsoft.NET.Sdk\targets\Microsoft.NET.Sdk.targets(799,5): message :       ResolveReferences;
                   C:\Program Files\dotnet\sdk\10.0.201\Sdks\Microsoft.NET.Sdk\targets\Microsoft.NET.Sdk.targets(799,5): message :       ResolveKeySource;
                   C:\Program Files\dotnet\sdk\10.0.201\Sdks\Microsoft.NET.Sdk\targets\Microsoft.NET.Sdk.targets(799,5): message :       SetWin32ManifestProperties;
                   C:\Program Files\dotnet\sdk\10.0.201\Sdks\Microsoft.NET.Sdk\targets\Microsoft.NET.Sdk.targets(799,5): message :       _SetPreferNativeArm64Win32ManifestProperties;
                   C:\Program Files\dotnet\sdk\10.0.201\Sdks\Microsoft.NET.Sdk\targets\Microsoft.NET.Sdk.targets(799,5): message :       FindReferenceAssembliesForReferences;
                   C:\Program Files\dotnet\sdk\10.0.201\Sdks\Microsoft.NET.Sdk\targets\Microsoft.NET.Sdk.targets(799,5): message :       _GenerateCompileInputs;
                   C:\Program Files\dotnet\sdk\10.0.201\Sdks\Microsoft.NET.Sdk\targets\Microsoft.NET.Sdk.targets(799,5): message :       BeforeCompile;
                   C:\Program Files\dotnet\sdk\10.0.201\Sdks\Microsoft.NET.Sdk\targets\Microsoft.NET.Sdk.targets(799,5): message :       _TimeStampBeforeCompile;
                   C:\Program Files\dotnet\sdk\10.0.201\Sdks\Microsoft.NET.Sdk\targets\Microsoft.NET.Sdk.targets(799,5): message :       _GenerateCompileDependencyCache;
                   C:\Program Files\dotnet\sdk\10.0.201\Sdks\Microsoft.NET.Sdk\targets\Microsoft.NET.Sdk.targets(799,5): message :       CoreCompile;
                   C:\Program Files\dotnet\sdk\10.0.201\Sdks\Microsoft.NET.Sdk\targets\Microsoft.NET.Sdk.targets(799,5): message :       _TimeStampAfterCompile;
                   C:\Program Files\dotnet\sdk\10.0.201\Sdks\Microsoft.NET.Sdk\targets\Microsoft.NET.Sdk.targets(799,5): message :       AfterCompile;
                   C:\Program Files\dotnet\sdk\10.0.201\Sdks\Microsoft.NET.Sdk\targets\Microsoft.NET.Sdk.targets(799,5): message :     ;
                   C:\Program Files\dotnet\sdk\10.0.201\Sdks\Microsoft.NET.Sdk\targets\Microsoft.NET.Sdk.targets(799,5): message :       _CreateAppHost;
                   C:\Program Files\dotnet\sdk\10.0.201\Sdks\Microsoft.NET.Sdk\targets\Microsoft.NET.Sdk.targets(799,5): message :       _CreateComHost;
                   C:\Program Files\dotnet\sdk\10.0.201\Sdks\Microsoft.NET.Sdk\targets\Microsoft.NET.Sdk.targets(799,5): message :       _GetIjwHostPaths;
                   C:\Program Files\dotnet\sdk\10.0.201\Sdks\Microsoft.NET.Sdk\targets\Microsoft.NET.Sdk.targets(799,5): message :     " (previous value: "
                   C:\Program Files\dotnet\sdk\10.0.201\Sdks\Microsoft.NET.Sdk\targets\Microsoft.NET.Sdk.targets(799,5): message :       ResolveReferences;
                   C:\Program Files\dotnet\sdk\10.0.201\Sdks\Microsoft.NET.Sdk\targets\Microsoft.NET.Sdk.targets(799,5): message :       ResolveKeySource;
                   C:\Program Files\dotnet\sdk\10.0.201\Sdks\Microsoft.NET.Sdk\targets\Microsoft.NET.Sdk.targets(799,5): message :       SetWin32ManifestProperties;
                   C:\Program Files\dotnet\sdk\10.0.201\Sdks\Microsoft.NET.Sdk\targets\Microsoft.NET.Sdk.targets(799,5): message :       _SetPreferNativeArm64Win32ManifestProperties;
                   C:\Program Files\dotnet\sdk\10.0.201\Sdks\Microsoft.NET.Sdk\targets\Microsoft.NET.Sdk.targets(799,5): message :       FindReferenceAssembliesForReferences;
                   C:\Program Files\dotnet\sdk\10.0.201\Sdks\Microsoft.NET.Sdk\targets\Microsoft.NET.Sdk.targets(799,5): message :       _GenerateCompileInputs;
                   C:\Program Files\dotnet\sdk\10.0.201\Sdks\Microsoft.NET.Sdk\targets\Microsoft.NET.Sdk.targets(799,5): message :       BeforeCompile;
                   C:\Program Files\dotnet\sdk\10.0.201\Sdks\Microsoft.NET.Sdk\targets\Microsoft.NET.Sdk.targets(799,5): message :       _TimeStampBeforeCompile;
                   C:\Program Files\dotnet\sdk\10.0.201\Sdks\Microsoft.NET.Sdk\targets\Microsoft.NET.Sdk.targets(799,5): message :       _GenerateCompileDependencyCache;
                   C:\Program Files\dotnet\sdk\10.0.201\Sdks\Microsoft.NET.Sdk\targets\Microsoft.NET.Sdk.targets(799,5): message :       CoreCompile;
                   C:\Program Files\dotnet\sdk\10.0.201\Sdks\Microsoft.NET.Sdk\targets\Microsoft.NET.Sdk.targets(799,5): message :       _TimeStampAfterCompile;
                   C:\Program Files\dotnet\sdk\10.0.201\Sdks\Microsoft.NET.Sdk\targets\Microsoft.NET.Sdk.targets(799,5): message :       AfterCompile;
                   C:\Program Files\dotnet\sdk\10.0.201\Sdks\Microsoft.NET.Sdk\targets\Microsoft.NET.Sdk.targets(799,5): message :     ") at C:\Program Files\dotnet\sdk\10.0.201\Sdks\Microsoft.NET.Sdk\targets\Microsoft.NET.Sdk.targets (799,5)
                   C:\Program Files\dotnet\sdk\10.0.201\Sdks\Microsoft.NET.Sdk\targets\Microsoft.NET.Sdk.targets(1131,5): message : Property reassignment: $(CreateSatelliteAssembliesDependsOn)="
                   C:\Program Files\dotnet\sdk\10.0.201\Sdks\Microsoft.NET.Sdk\targets\Microsoft.NET.Sdk.targets(1131,5): message :       
                   C:\Program Files\dotnet\sdk\10.0.201\Sdks\Microsoft.NET.Sdk\targets\Microsoft.NET.Sdk.targets(1131,5): message :       ;
                   C:\Program Files\dotnet\sdk\10.0.201\Sdks\Microsoft.NET.Sdk\targets\Microsoft.NET.Sdk.targets(1131,5): message :       _GenerateSatelliteAssemblyInputs;
                   C:\Program Files\dotnet\sdk\10.0.201\Sdks\Microsoft.NET.Sdk\targets\Microsoft.NET.Sdk.targets(1131,5): message :       ComputeIntermediateSatelliteAssemblies;
                   C:\Program Files\dotnet\sdk\10.0.201\Sdks\Microsoft.NET.Sdk\targets\Microsoft.NET.Sdk.targets(1131,5): message :       GenerateSatelliteAssemblies
                   C:\Program Files\dotnet\sdk\10.0.201\Sdks\Microsoft.NET.Sdk\targets\Microsoft.NET.Sdk.targets(1131,5): message :     ;
                   C:\Program Files\dotnet\sdk\10.0.201\Sdks\Microsoft.NET.Sdk\targets\Microsoft.NET.Sdk.targets(1131,5): message :       CoreGenerateSatelliteAssemblies
                   C:\Program Files\dotnet\sdk\10.0.201\Sdks\Microsoft.NET.Sdk\targets\Microsoft.NET.Sdk.targets(1131,5): message :     " (previous value: "
                   C:\Program Files\dotnet\sdk\10.0.201\Sdks\Microsoft.NET.Sdk\targets\Microsoft.NET.Sdk.targets(1131,5): message :       ;
                   C:\Program Files\dotnet\sdk\10.0.201\Sdks\Microsoft.NET.Sdk\targets\Microsoft.NET.Sdk.targets(1131,5): message :       _GenerateSatelliteAssemblyInputs;
                   C:\Program Files\dotnet\sdk\10.0.201\Sdks\Microsoft.NET.Sdk\targets\Microsoft.NET.Sdk.targets(1131,5): message :       ComputeIntermediateSatelliteAssemblies;
                   C:\Program Files\dotnet\sdk\10.0.201\Sdks\Microsoft.NET.Sdk\targets\Microsoft.NET.Sdk.targets(1131,5): message :       GenerateSatelliteAssemblies
                   C:\Program Files\dotnet\sdk\10.0.201\Sdks\Microsoft.NET.Sdk\targets\Microsoft.NET.Sdk.targets(1131,5): message :     ") at C:\Program Files\dotnet\sdk\10.0.201\Sdks\Microsoft.NET.Sdk\targets\Microsoft.NET.Sdk.targets (1131,5)
                   C:\Program Files\dotnet\sdk\10.0.201\Sdks\Microsoft.SourceLink.GitLab\build\Microsoft.SourceLink.GitLab.targets(12,5): message : Property reassignment: $(SourceLinkUrlInitializerTargets)=";_InitializeGitHubSourceLinkUrl;_InitializeGitLabSourceLinkUrl" (previous value: ";_InitializeGitHubSourceLinkUrl") at C:\Program Files\dotnet\sdk\10.0.201\Sdks\Microsoft.SourceLink.GitLab\build\Microsoft.SourceLink.GitLab.targets (12,5)
                   C:\Program Files\dotnet\sdk\10.0.201\Sdks\Microsoft.SourceLink.GitLab\build\Microsoft.SourceLink.GitLab.targets(13,5): message : Property reassignment: $(SourceControlManagerUrlTranslationTargets)=";TranslateGitHubUrlsInSourceControlInformation;TranslateGitLabUrlsInSourceControlInformation" (previous value: ";TranslateGitHubUrlsInSourceControlInformation") at C:\Program Files\dotnet\sdk\10.0.201\Sdks\Microsoft.SourceLink.GitLab\build\Microsoft.SourceLink.GitLab.targets (13,5)
                   C:\Program Files\dotnet\sdk\10.0.201\Sdks\Microsoft.SourceLink.AzureRepos.Git\build\Microsoft.SourceLink.AzureRepos.Git.targets(12,5): message : Property reassignment: $(SourceLinkUrlInitializerTargets)=";_InitializeGitHubSourceLinkUrl;_InitializeGitLabSourceLinkUrl;_InitializeAzureReposGitSourceLinkUrl" (previous value: ";_InitializeGitHubSourceLinkUrl;_InitializeGitLabSourceLinkUrl") at C:\Program Files\dotnet\sdk\10.0.201\Sdks\Microsoft.SourceLink.AzureRepos.Git\build\Microsoft.SourceLink.AzureRepos.Git.targets (12,5)
                   C:\Program Files\dotnet\sdk\10.0.201\Sdks\Microsoft.SourceLink.AzureRepos.Git\build\Microsoft.SourceLink.AzureRepos.Git.targets(13,5): message : Property reassignment: $(SourceControlManagerUrlTranslationTargets)=";TranslateGitHubUrlsInSourceControlInformation;TranslateGitLabUrlsInSourceControlInformation;TranslateAzureReposGitUrlsInSourceControlInformation" (previous value: ";TranslateGitHubUrlsInSourceControlInformation;TranslateGitLabUrlsInSourceControlInformation") at C:\Program Files\dotnet\sdk\10.0.201\Sdks\Microsoft.SourceLink.AzureRepos.Git\build\Microsoft.SourceLink.AzureRepos.Git.targets (13,5)
                   C:\Program Files\dotnet\sdk\10.0.201\Sdks\Microsoft.SourceLink.Bitbucket.Git\build\Microsoft.SourceLink.Bitbucket.Git.targets(12,5): message : Property reassignment: $(SourceLinkUrlInitializerTargets)=";_InitializeGitHubSourceLinkUrl;_InitializeGitLabSourceLinkUrl;_InitializeAzureReposGitSourceLinkUrl;_InitializeBitbucketGitSourceLinkUrl" (previous value: ";_InitializeGitHubSourceLinkUrl;_InitializeGitLabSourceLinkUrl;_InitializeAzureReposGitSourceLinkUrl") at C:\Program Files\dotnet\sdk\10.0.201\Sdks\Microsoft.SourceLink.Bitbucket.Git\build\Microsoft.SourceLink.Bitbucket.Git.targets (12,5)
                   C:\Program Files\dotnet\sdk\10.0.201\Sdks\Microsoft.SourceLink.Bitbucket.Git\build\Microsoft.SourceLink.Bitbucket.Git.targets(13,5): message : Property reassignment: $(SourceControlManagerUrlTranslationTargets)=";TranslateGitHubUrlsInSourceControlInformation;TranslateGitLabUrlsInSourceControlInformation;TranslateAzureReposGitUrlsInSourceControlInformation;TranslateBitbucketGitUrlsInSourceControlInformation" (previous value: ";TranslateGitHubUrlsInSourceControlInformation;TranslateGitLabUrlsInSourceControlInformation;TranslateAzureReposGitUrlsInSourceControlInformation") at C:\Program Files\dotnet\sdk\10.0.201\Sdks\Microsoft.SourceLink.Bitbucket.Git\build\Microsoft.SourceLink.Bitbucket.Git.targets (13,5)
                   C:\Program Files\dotnet\sdk\10.0.201\Sdks\Microsoft.NET.Sdk\targets\Microsoft.NET.DesignerSupport.targets(21,5): message : Property reassignment: $(DesignerRuntimeImplementationProjectOutputGroupDependsOn)="
                   C:\Program Files\dotnet\sdk\10.0.201\Sdks\Microsoft.NET.Sdk\targets\Microsoft.NET.DesignerSupport.targets(21,5): message :       
                   C:\Program Files\dotnet\sdk\10.0.201\Sdks\Microsoft.NET.Sdk\targets\Microsoft.NET.DesignerSupport.targets(21,5): message :       ;
                   C:\Program Files\dotnet\sdk\10.0.201\Sdks\Microsoft.NET.Sdk\targets\Microsoft.NET.DesignerSupport.targets(21,5): message :       
                   C:\Program Files\dotnet\sdk\10.0.201\Sdks\Microsoft.NET.Sdk\targets\Microsoft.NET.DesignerSupport.targets(21,5): message :       ;
                   C:\Program Files\dotnet\sdk\10.0.201\Sdks\Microsoft.NET.Sdk\targets\Microsoft.NET.DesignerSupport.targets(21,5): message :       BuildOnlySettings;
                   C:\Program Files\dotnet\sdk\10.0.201\Sdks\Microsoft.NET.Sdk\targets\Microsoft.NET.DesignerSupport.targets(21,5): message :       PrepareForBuild;
                   C:\Program Files\dotnet\sdk\10.0.201\Sdks\Microsoft.NET.Sdk\targets\Microsoft.NET.DesignerSupport.targets(21,5): message :       AssignTargetPaths;
                   C:\Program Files\dotnet\sdk\10.0.201\Sdks\Microsoft.NET.Sdk\targets\Microsoft.NET.DesignerSupport.targets(21,5): message :       ResolveReferences
                   C:\Program Files\dotnet\sdk\10.0.201\Sdks\Microsoft.NET.Sdk\targets\Microsoft.NET.DesignerSupport.targets(21,5): message :     
                   C:\Program Files\dotnet\sdk\10.0.201\Sdks\Microsoft.NET.Sdk\targets\Microsoft.NET.DesignerSupport.targets(21,5): message :     ;
                   C:\Program Files\dotnet\sdk\10.0.201\Sdks\Microsoft.NET.Sdk\targets\Microsoft.NET.DesignerSupport.targets(21,5): message :       _GenerateDesignerDepsFile;
                   C:\Program Files\dotnet\sdk\10.0.201\Sdks\Microsoft.NET.Sdk\targets\Microsoft.NET.DesignerSupport.targets(21,5): message :       _GenerateDesignerRuntimeConfigFile;
                   C:\Program Files\dotnet\sdk\10.0.201\Sdks\Microsoft.NET.Sdk\targets\Microsoft.NET.DesignerSupport.targets(21,5): message :       GetCopyToOutputDirectoryItems;
                   C:\Program Files\dotnet\sdk\10.0.201\Sdks\Microsoft.NET.Sdk\targets\Microsoft.NET.DesignerSupport.targets(21,5): message :       _GatherDesignerShadowCopyFiles;
                   C:\Program Files\dotnet\sdk\10.0.201\Sdks\Microsoft.NET.Sdk\targets\Microsoft.NET.DesignerSupport.targets(21,5): message :     " (previous value: "
                   C:\Program Files\dotnet\sdk\10.0.201\Sdks\Microsoft.NET.Sdk\targets\Microsoft.NET.DesignerSupport.targets(21,5): message :       ;
                   C:\Program Files\dotnet\sdk\10.0.201\Sdks\Microsoft.NET.Sdk\targets\Microsoft.NET.DesignerSupport.targets(21,5): message :       
                   C:\Program Files\dotnet\sdk\10.0.201\Sdks\Microsoft.NET.Sdk\targets\Microsoft.NET.DesignerSupport.targets(21,5): message :       ;
                   C:\Program Files\dotnet\sdk\10.0.201\Sdks\Microsoft.NET.Sdk\targets\Microsoft.NET.DesignerSupport.targets(21,5): message :       BuildOnlySettings;
                   C:\Program Files\dotnet\sdk\10.0.201\Sdks\Microsoft.NET.Sdk\targets\Microsoft.NET.DesignerSupport.targets(21,5): message :       PrepareForBuild;
                   C:\Program Files\dotnet\sdk\10.0.201\Sdks\Microsoft.NET.Sdk\targets\Microsoft.NET.DesignerSupport.targets(21,5): message :       AssignTargetPaths;
                   C:\Program Files\dotnet\sdk\10.0.201\Sdks\Microsoft.NET.Sdk\targets\Microsoft.NET.DesignerSupport.targets(21,5): message :       ResolveReferences
                   C:\Program Files\dotnet\sdk\10.0.201\Sdks\Microsoft.NET.Sdk\targets\Microsoft.NET.DesignerSupport.targets(21,5): message :     
                   C:\Program Files\dotnet\sdk\10.0.201\Sdks\Microsoft.NET.Sdk\targets\Microsoft.NET.DesignerSupport.targets(21,5): message :     ") at C:\Program Files\dotnet\sdk\10.0.201\Sdks\Microsoft.NET.Sdk\targets\Microsoft.NET.DesignerSupport.targets (21,5)
                   C:\Program Files\dotnet\sdk\10.0.201\Sdks\Microsoft.NET.Sdk\targets\Microsoft.NET.Sdk.CSharp.targets(31,5): message : Property reassignment: $(DefineConstants)="TRACE;DISABLE_XAML_GENERATED_MAIN;MICROSOFT_WINDOWSAPPSDK_SELFCONTAINED;DEBUG" (previous value: "TRACE;DISABLE_XAML_GENERATED_MAIN;MICROSOFT_WINDOWSAPPSDK_SELFCONTAINED") at C:\Program Files\dotnet\sdk\10.0.201\Sdks\Microsoft.NET.Sdk\targets\Microsoft.NET.Sdk.CSharp.targets (31,5)
                   C:\Program Files\dotnet\sdk\10.0.201\Sdks\Microsoft.NET.Sdk\targets\Microsoft.NET.Sdk.CSharp.targets(45,5): message : Property reassignment: $(WarningsAsErrors)=";NU1605;SYSLIB0011" (previous value: ";NU1605") at C:\Program Files\dotnet\sdk\10.0.201\Sdks\Microsoft.NET.Sdk\targets\Microsoft.NET.Sdk.CSharp.targets (45,5)
                   C:\Program Files\dotnet\sdk\10.0.201\Sdks\Microsoft.NET.Sdk\targets\Microsoft.NET.Windows.targets(239,5): message : Property reassignment: $(_RunCsWinRTGeneratorPropertyInputsCachePath)="C:\Users\paulm\.mainroot\Mixr\Mixr.App\obj\x64\Debug\net9.0-windows10.0.22621.0\win-x64\Mixr.App.cswinrtgen.cache" (previous value: "obj\x64\Debug\net9.0-windows10.0.22621.0\win-x64\Mixr.App.cswinrtgen.cache") at C:\Program Files\dotnet\sdk\10.0.201\Sdks\Microsoft.NET.Sdk\targets\Microsoft.NET.Windows.targets (239,5)
                   C:\Program Files\dotnet\sdk\10.0.201\NuGet.Build.Tasks.Pack.targets(34,5): message : Property reassignment: $(PackageDescription)="Package Description" (previous value: "") at C:\Program Files\dotnet\sdk\10.0.201\NuGet.Build.Tasks.Pack.targets (34,5)
                   C:\Program Files\dotnet\sdk\10.0.201\NuGet.Build.Tasks.Pack.targets(59,5): message : Property reassignment: $(GenerateNuspecDependsOn)="Build;_LoadPackInputItems; _GetTargetFrameworksOutput; _WalkEachTargetPerFramework; _GetPackageFiles; " (previous value: "_LoadPackInputItems; _GetTargetFrameworksOutput; _WalkEachTargetPerFramework; _GetPackageFiles; ") at C:\Program Files\dotnet\sdk\10.0.201\NuGet.Build.Tasks.Pack.targets (59,5)
                   C:\Program Files\dotnet\sdk\10.0.201\Sdks\Microsoft.NET.Sdk\Sdk\Sdk.targets(59,5): message : Property reassignment: $(_IsNotSetContainersTargetsDir)="true" (previous value: "false") at C:\Program Files\dotnet\sdk\10.0.201\Sdks\Microsoft.NET.Sdk\Sdk\Sdk.targets (59,5)
                   C:\Program Files\dotnet\sdk\10.0.201\Containers\build\Microsoft.NET.Build.Containers.targets(5,5): message : Property reassignment: $(_IsSDKContainerAllowedVersion)="true" (previous value: "false") at C:\Program Files\dotnet\sdk\10.0.201\Containers\build\Microsoft.NET.Build.Containers.targets (5,5)
                   C:\Program Files\dotnet\sdk\10.0.201\Containers\build\Microsoft.NET.Build.Containers.targets(15,5): message : Property reassignment: $(_ContainerIsTargetingNet8TFM)="true" (previous value: "false") at C:\Program Files\dotnet\sdk\10.0.201\Containers\build\Microsoft.NET.Build.Containers.targets (15,5)
                   C:\Program Files\dotnet\sdk\10.0.201\Containers\build\Microsoft.NET.Build.Containers.targets(17,5): message : Property reassignment: $(_ContainerIsSelfContained)="true" (previous value: "false") at C:\Program Files\dotnet\sdk\10.0.201\Containers\build\Microsoft.NET.Build.Containers.targets (17,5)
                   Overriding target "GetPackagingOutputs" in project "C:\Program Files\dotnet\sdk\10.0.201\Microsoft.Common.CurrentVersion.targets" with target "GetPackagingOutputs" from project "C:\Users\paulm\.nuget\packages\microsoft.windowsappsdk\1.6.240829007\buildTransitive\Microsoft.Build.Msix.Packaging.targets".
                   Overriding target "_GetPackageArchitecture" in project "C:\Users\paulm\.nuget\packages\microsoft.windowsappsdk\1.6.240829007\buildTransitive\Microsoft.Build.Msix.Packaging.targets" with target "_GetPackageArchitecture" from project "C:\Users\paulm\.nuget\packages\microsoft.windowsappsdk\1.6.240829007\buildTransitive\Microsoft.Build.Msix.Packaging.targets".
                   Overriding target "ResolveFrameworkReferences" in project "C:\Program Files\dotnet\sdk\10.0.201\Microsoft.Common.CurrentVersion.targets" with target "ResolveFrameworkReferences" from project "C:\Program Files\dotnet\sdk\10.0.201\Sdks\Microsoft.NET.Sdk\targets\Microsoft.NET.Sdk.FrameworkReferenceResolution.targets".
                   Overriding target "GenerateSupportedTargetFrameworkAlias" in project "C:\Program Files\dotnet\sdk\10.0.201\Microsoft.Common.CurrentVersion.targets" with target "GenerateSupportedTargetFrameworkAlias" from project "C:\Program Files\dotnet\sdk\10.0.201\Sdks\Microsoft.NET.Sdk\targets\Microsoft.NET.Sdk.targets".
                   Overriding target "GetReferenceAssemblyPaths" in project "C:\Program Files\dotnet\sdk\10.0.201\Microsoft.Common.CurrentVersion.targets" with target "GetReferenceAssemblyPaths" from project "C:\Program Files\dotnet\sdk\10.0.201\Sdks\Microsoft.NET.Sdk\targets\Microsoft.NET.DisableStandardFrameworkResolution.targets".
                   Overriding target "GetFrameworkPaths" in project "C:\Program Files\dotnet\sdk\10.0.201\Microsoft.Common.CurrentVersion.targets" with target "GetFrameworkPaths" from project "C:\Program Files\dotnet\sdk\10.0.201\Sdks\Microsoft.NET.Sdk\targets\Microsoft.NET.DisableStandardFrameworkResolution.targets".
                   Overriding target "DesignerRuntimeImplementationProjectOutputGroup" in project "C:\Program Files\dotnet\sdk\10.0.201\Microsoft.Common.CurrentVersion.targets" with target "DesignerRuntimeImplementationProjectOutputGroup" from project "C:\Program Files\dotnet\sdk\10.0.201\Sdks\Microsoft.NET.Sdk\targets\Microsoft.NET.DesignerSupport.targets".
                   Overriding target "Publish" in project "C:\Program Files\dotnet\sdk\10.0.201\Microsoft.Common.CurrentVersion.targets" with target "Publish" from project "C:\Program Files\dotnet\sdk\10.0.201\Sdks\Microsoft.NET.Sdk\targets\Microsoft.NET.Publish.targets".
                   Overriding target "ResolveReadyToRunCompilers" in project "C:\Program Files\dotnet\sdk\10.0.201\Sdks\Microsoft.NET.Sdk\targets\Microsoft.NET.CrossGen.targets" with target "ResolveReadyToRunCompilers" from project "C:\Program Files\dotnet\sdk\10.0.201\Sdks\Microsoft.NET.Sdk\targets\Microsoft.NET.Publish.targets".
                   Overriding target "GetCopyToPublishDirectoryItems" in project "C:\Program Files\dotnet\sdk\10.0.201\Microsoft.Common.CurrentVersion.targets" with target "GetCopyToPublishDirectoryItems" from project "C:\Program Files\dotnet\sdk\10.0.201\Sdks\Microsoft.NET.Sdk\targets\Microsoft.NET.Publish.targets".
                   Overriding target "Run" in project "C:\Program Files\dotnet\sdk\10.0.201\Microsoft.Common.CurrentVersion.targets" with target "Run" from project "C:\Program Files\dotnet\sdk\10.0.201\Sdks\Microsoft.NET.Sdk\targets\Microsoft.NET.Sdk.targets".
                   The target "ResolveNuGetPackageAssets" listed in an AfterTargets attribute at "C:\Users\paulm\.nuget\packages\microsoft.windowsappsdk\1.6.240829007\buildTransitive\Microsoft.WinUI.AppX.targets (56,51)" does not exist in the project, and will be ignored.
                   The target "_ConvertItems" listed in a BeforeTargets attribute at "C:\Users\paulm\.nuget\packages\microsoft.windowsappsdk\1.6.240829007\buildTransitive\Microsoft.WinUI.AppX.targets (112,7)" does not exist in the project, and will be ignored.
                   The target "_ExpandProjectReferences" listed in an AfterTargets attribute at "C:\Users\paulm\.nuget\packages\microsoft.windowsappsdk\1.6.240829007\buildTransitive\Microsoft.WinUI.AppX.targets (113,7)" does not exist in the project, and will be ignored.
                   The target "ComputeLinkedFilesToPublish" listed in an AfterTargets attribute at "C:\Users\paulm\.nuget\packages\microsoft.windowsappsdk\1.6.240829007\buildTransitive\Microsoft.Build.Msix.Packaging.targets (1516,99)" does not exist in the project, and will be ignored.
                   The target "_ExpandProjectReferences" listed in an AfterTargets attribute at "C:\Users\paulm\.nuget\packages\microsoft.windowsappsdk\1.6.240829007\buildTransitive\Microsoft.WindowsAppSDK.SelfContained.targets (123,60)" does not exist in the project, and will be ignored.
                   The target "_ConvertItems" listed in a BeforeTargets attribute at "C:\Users\paulm\.nuget\packages\microsoft.windowsappsdk\1.6.240829007\buildTransitive\Microsoft.WindowsAppSDK.SelfContained.targets (238,53)" does not exist in the project, and will be ignored.
                   The target "ResolveVCRTForwarderReferences" listed in a BeforeTargets attribute at "C:\Users\paulm\.nuget\packages\microsoft.windowsappsdk\1.6.240829007\buildTransitive\Microsoft.WindowsAppSDK.SelfContained.targets (263,9)" does not exist in the project, and will be ignored.
                   The target "ClCompile" listed in a BeforeTargets attribute at "C:\Users\paulm\.nuget\packages\microsoft.windowsappsdk\1.6.240829007\buildTransitive\Microsoft.WindowsAppSDK.SelfContained.targets (284,13)" does not exist in the project, and will be ignored.
                   The target "ClCompile" listed in a BeforeTargets attribute at "C:\Users\paulm\.nuget\packages\microsoft.windowsappsdk\1.6.240829007\buildTransitive\Microsoft.WindowsAppSDK.targets (20,11)" does not exist in the project, and will be ignored.
                   The target "_ConvertItems" listed in a BeforeTargets attribute at "C:\Users\paulm\.nuget\packages\microsoft.windowsappsdk\1.6.240829007\buildTransitive\Microsoft.WindowsAppSDK.targets (37,61)" does not exist in the project, and will be ignored.
                   The target "_ResolveVCLibDependencies" listed in an AfterTargets attribute at "C:\Users\paulm\.nuget\packages\microsoft.windowsappsdk\1.6.240829007\buildTransitive\Microsoft.WindowsAppSDK.targets (37,91)" does not exist in the project, and will be ignored.
20:41:47.009     0>Initial Properties:
                   __DisableWorkloadResolverSentinelPath = C:\Program Files\dotnet\sdk\10.0.201\DisableWorkloadResolver.sentinel
                   __WindowsAppSdkDefaultImageIncludes = **/*.png;**/*.bmp;**/*.jpg;**/*.dds;**/*.tif;**/*.tga;**/*.gif
                   _AddWinUIAssembliesToReferenceCopyLocalPaths = false
                   _AfterSdkPublishDependsOn = Publish
                   _ApiCompatValidatePackageSemaphoreFile = obj\x64\Debug\net9.0-windows10.0.22621.0\win-x64\Microsoft.NET.ApiCompat.ValidatePackage.semaphore
                   _BeforePublishNoBuildTargets = 
                         BuildOnlySettings;
                         _PreventProjectReferencesFromBuilding;
                         ResolveReferences;
                         PrepareResourceNames;
                         ComputeIntermediateSatelliteAssemblies;
                         ComputeEmbeddedApphostPaths;
                       
                   _BinaryFormatterObsoleteAsError = true
                   _BuildTasksAssemblyName = Microsoft.Build.Tasks.CodeAnalysis
                   _BuildTasksDirectory = C:\Program Files\dotnet\sdk\10.0.201\Sdks\Microsoft.NET.Sdk\targets\..\..\..\Roslyn\
                   _ComHostLibraryExtension = .dll
                   _ComputeManagedRuntimePackAssembliesIfSelfContained = _ComputeManagedRuntimePackAssemblies
                   _ContainerIsSelfContained = true
                   _ContainerIsTargetingNet8TFM = true
                   _ContainersTargetsDir = C:\Program Files\dotnet\sdk\10.0.201\Sdks\Microsoft.NET.Sdk\Sdk\..\..\..\Containers\build\
                   _CorePublishTargets = 
                         PrepareForPublish;
                         ComputeAndCopyFilesToPublishDirectory;
                         ;
                         PublishItemsOutputGroup;
                       
                   _CsWinRTGeneratorInteropAssemblyFileName = WinRT.Interop.dll
                   _CsWinRTGeneratorInteropAssemblyName = WinRT.Interop
                   _CsWinRTGeneratorInteropAssemblyPath = C:\Users\paulm\.mainroot\Mixr\obj\x64\Debug\net9.0-windows10.0.22621.0\win-x64\WinRT.Interop.dll
                   _DebugSymbolsProduced = true
                   _DefaultArtifactsPathPropsImported = true
                   _DefaultUserProfileRuntimeStorePath = C:\Users\paulm\.dotnet\store
                   _DeploymentApplicationManifestIdentity = Mixr.exe
                   _DeploymentBuiltUpdateInterval = 0
                   _DeploymentBuiltUpdateIntervalUnits = Days
                   _DeploymentDeployManifestIdentity = Mixr.application
                   _DeploymentFileMappingExtension = 
                   _DeploymentLauncherBased = true
                   _DeploymentPublishableProjectDefault = true
                   _DeploymentTargetApplicationManifestFileName = Mixr.dll.manifest
                   _DeploymentUrl = 
                   _DesignerDepsFileName = Mixr.designer.deps.json
                   _DesignerDepsFilePath = obj\x64\Debug\net9.0-windows10.0.22621.0\win-x64\Mixr.designer.deps.json
                   _DesignerRuntimeConfigFileName = Mixr.designer.runtimeconfig.json
                   _DesignerRuntimeConfigFilePath = obj\x64\Debug\net9.0-windows10.0.22621.0\win-x64\Mixr.designer.runtimeconfig.json
                   _DirectoryBuildPropsBasePath = 
                   _DirectoryBuildPropsFile = Directory.Build.props
                   _DirectoryBuildTargetsBasePath = 
                   _DirectoryBuildTargetsFile = Directory.Build.targets
                   _DirectoryPackagesPropsBasePath = 
                   _DirectoryPackagesPropsFile = Directory.Packages.props
                   _DocumentationFileProduced = false
                   _DotNetAppHostExecutableName = apphost.exe
                   _DotNetAppHostExecutableNameWithoutExtension = apphost
                   _DotNetComHostLibraryName = comhost.dll
                   _DotNetComHostLibraryNameWithoutExtension = comhost
                   _DotNetHostExecutableName = dotnet.exe
                   _DotNetHostFxrLibraryName = hostfxr.dll
                   _DotNetHostPolicyLibraryName = hostpolicy.dll
                   _DotNetIjwHostLibraryName = Ijwhost.dll
                   _DotNetIjwHostLibraryNameWithoutExtension = Ijwhost
                   _DotNetSingleFileHostExecutableNameWithoutExtension = singlefilehost
                   _EmbedFileResfilePath = obj\x64\Debug\net9.0-windows10.0.22621.0\win-x64\embed\embed.resfiles
                   _EnableDefaultWindowsPlatform = false
                   _ExcludedLayoutResfilesPath = obj\x64\Debug\net9.0-windows10.0.22621.0\win-x64\excluded.layout.resfiles
                   _FilteredLayoutResfilesPath = obj\x64\Debug\net9.0-windows10.0.22621.0\win-x64\filtered.layout.resfiles
                   _FirstTargetFrameworkToSupportAot = net7.0
                   _FirstTargetFrameworkToSupportSingleFile = net6.0
                   _FirstTargetFrameworkToSupportTrimming = net6.0
                   _FirstTargetFrameworkVersionToSupportAotAnalyzer = 7.0
                   _FirstTargetFrameworkVersionToSupportSingleFileAnalyzer = 6.0
                   _FirstTargetFrameworkVersionToSupportTrimAnalyzer = 6.0
                   _GenerateAppInstallerFileForPackageDependsOn = 
                         ;
                         _FindAppInstallerTemplateFile
                       
                   _GenerateAppxManifestDependsOn = 
                         BeforeGenerateAppxManifest;
                         ;
                         _GetAppxManifestSchemaItems;
                         _GenerateAdditionalFrameworkSDKReference;
                         _GetRecursiveResolvedSDKReferences;
                         _CalculateInputsForGenerateCurrentProjectAppxManifest;
                         _GenerateCurrentProjectAppxManifest;
                         _CreateFinalAppxManifestItem;
                         AfterGenerateAppxManifest
                       
                   _GenerateAppxPackageDependsOn = 
                         Publish;
                         
                         Build;
                         
                         
                         ;
                         PrepareMsixPackage;
                         _EnsurePdbCmfExeFullPath;
                         _ComputeAppxPackageOutput;
                         _GenerateAppxPackageFile;
                         _GenerateAppxSymbolPackage;
                         _CreateTestLayout;
                   
                         
                         GenerateAppInstallerForPackage;
                   
                         _AddWindowsInstallScriptToTestLayout;
                       
                       ;
                       ;
                       
                   _GenerateAppxPackageFileDependsOn = 
                         ;
                         _DeleteAppxOutputFolderIfNecessary
                       
                   _GenerateAppxPackageRecipeDependsOn = 
                         BeforeGenerateAppxPackageRecipe;
                         ;
                         _CalculateInputsForGenerateAppxPackageRecipe;
                         _GenerateAppxPackageRecipeFile
                       
                   _GenerateBindingRedirectsIntermediateAppConfig = obj\x64\Debug\net9.0-windows10.0.22621.0\win-x64\Mixr.dll.config
                   _GenerateMsixPackage = false
                   _GeneratePublishDependencyFilePropertyInputsCache = C:\Users\paulm\.mainroot\Mixr\Mixr.App\obj\x64\Debug\net9.0-windows10.0.22621.0\win-x64\Mixr.App.genpublishdeps.cache
                   _GenerateRestoreGraphProjectEntryInputProperties = ExcludeRestorePackageImports=true
                   _GenerateRuntimeConfigurationPropertyInputsCache = C:\Users\paulm\.mainroot\Mixr\Mixr.App\obj\x64\Debug\net9.0-windows10.0.22621.0\win-x64\Mixr.App.genruntimeconfig.cache
                   _GenerateSingleFileBundlePropertyInputsCache = C:\Users\paulm\.mainroot\Mixr\Mixr.App\obj\x64\Debug\net9.0-windows10.0.22621.0\win-x64\Mixr.App.genbundle.cache
                   _GenerateSourceLinkFileBeforeTargets = CoreCompile
                   _GenerateSourceLinkFileDependsOnTargets = 
                   _GenerateSupportedRuntimeIntermediateAppConfig = obj\x64\Debug\net9.0-windows10.0.22621.0\win-x64\Mixr.dll.withSupportedRuntime.config
                   _GenMainResourcePri = true
                   _GetChildProjectCopyToOutputDirectoryItems = true
                   _GetChildProjectCopyToPublishDirectoryItems = true
                   _GetPackagePropertiesDependsOn = 
                         ;
                         _GetProjectArchitecture;
                         _GetRecursiveProjectArchitecture;
                         _GetPackageArchitecture;
                         _CalculateAppxBundleProperties;
                       
                   _IjwHostLibraryExtension = .dll
                   _InitialBaseIntermediateOutputPath = obj\
                   _InitialMSBuildProjectExtensionsPath = C:\Users\paulm\.mainroot\Mixr\Mixr.App\obj\
                   _IsDisjointMSBuildVersion = False
                   _IsExecutable = true
                   _IsNETCoreOrNETStandard = true
                   _IsNotSetContainersTargetsDir = true
                   _IsSDKContainerAllowedVersion = true
                   _IsWinUICustomBeforeMicrosoftCommonTargetsChainValid = true
                   _LatestAnalysisLevel = 10.0
                   _MaxAvailableLangVersion = 14.0
                   _MaxSupportedLangVersion = 13.0
                   _MicrosoftBuildMsixProjRulesDir = C:\Users\paulm\.nuget\packages\microsoft.windowsappsdk\1.6.240829007\buildTransitive\Rules\
                   _MicrosoftBuildMsixPropsOverriden = false
                   _MicrosoftBuildMsixTargetsOverriden = false
                   _MicrosoftSourceLinkCommonAssemblyFile = C:\Program Files\dotnet\sdk\10.0.201\Sdks\Microsoft.SourceLink.Common\build\..\tools\net\Microsoft.SourceLink.Common.dll
                   _MinimumNonEolSupportedNetCoreTargetFramework = net8.0
                   _MrtCoreImageGlobs = **/*.png;**/*.bmp;**/*.jpg;**/*.dds;**/*.tif;**/*.tga;**/*.gif
                   _MSBuildVersionMajorMinor = 18.3
                   _MultipleQualifiersPerDimensionFoundPath = obj\x64\Debug\net9.0-windows10.0.22621.0\win-x64\MultipleQualifiersPerDimensionFound.txt
                   _MuxPackageToolsFolder = C:\Users\paulm\.nuget\packages\microsoft.windowsappsdk\1.6.240829007\buildTransitive\..\tools\net6.0\
                   _NativeExecutableExtension = .exe
                   _NativeLibraryExtension = .dll
                   _NETAnalyzersSDKAssemblyVersion = 10.0.201
                   _NETCoreSdkIsPreview = false
                   _NetFrameworkHostedCompilersVersion = 5.3.0-2.26153.122
                   _NoneAnalysisLevel = 4.0
                   _NugetFallbackFolder = C:\Program Files\dotnet\sdk\10.0.201\Sdks\Microsoft.NET.Sdk\targets\..\..\..\..\NuGetFallbackFolder
                   _NugetTargetMonikerAndRID = .NETCoreApp,Version=v9.0/win-x64
                   _OriginalConfiguration = Debug
                   _OriginalCustomBeforeMicrosoftCommonTargetsFromWinUIProps = C:\Users\paulm\.nuget\packages\microsoft.windowsappsdk\1.6.240829007\buildTransitive\Microsoft.Build.Msix.props
                   _OriginalPlatform = x64
                   _PlatformToAppendToOutputPath = x64\
                   _PlatformWithoutConfigurationInference = x64
                   _PreviewAnalysisLevel = 11.0
                   _PriConfigXmlPath = obj\x64\Debug\net9.0-windows10.0.22621.0\win-x64\priconfig.xml
                   _PriResfilesPath = obj\x64\Debug\net9.0-windows10.0.22621.0\win-x64\pri.resfiles
                   _ProjectArchitecturesFilePath = obj\x64\Debug\net9.0-windows10.0.22621.0\win-x64\ProjectArchitectures.txt
                   _ProjectDefaultTargets = Build
                   _PublishNoBuildAlternativeDependsOn = 
                         BuildOnlySettings;
                         _PreventProjectReferencesFromBuilding;
                         ResolveReferences;
                         PrepareResourceNames;
                         ComputeIntermediateSatelliteAssemblies;
                         ComputeEmbeddedApphostPaths;
                       ;
                         PrepareForPublish;
                         ComputeAndCopyFilesToPublishDirectory;
                         ;
                         PublishItemsOutputGroup;
                       
                   _PublishProfileDesignerFolder = Properties
                   _PublishProfileRootFolder = C:\Users\paulm\.mainroot\Mixr\Mixr.App\Properties\PublishProfiles\
                   _QualifiersPath = obj\x64\Debug\net9.0-windows10.0.22621.0\win-x64\qualifiers.txt
                   _RecursiveTargetForContentCopying = GetCopyToOutputDirectoryItems
                   _ResolveReferenceDependencies = false
                   _ResourcesResfilesPath = obj\x64\Debug\net9.0-windows10.0.22621.0\win-x64\resources.resfiles
                   _RunCsWinRTGeneratorPropertyInputsCachePath = C:\Users\paulm\.mainroot\Mixr\Mixr.App\obj\x64\Debug\net9.0-windows10.0.22621.0\win-x64\Mixr.App.cswinrtgen.cache
                   _RuntimeIdentifierUsesAppHost = true
                   _RuntimePackInWorkloadVersion6 = 6.0.36
                   _RuntimePackInWorkloadVersion7 = 7.0.20
                   _RuntimePackInWorkloadVersion8 = 8.0.25
                   _RuntimePackInWorkloadVersion9 = 9.0.14
                   _RuntimePackInWorkloadVersionCurrent = 10.0.5
                   _SelfContainedWasSpecified = true
                   _SGenDllCreated = false
                   _SGenDllName = Mixr.XmlSerializers.dll
                   _SGenGenerateSerializationAssembliesConfig = Off
                   _SourceLinkAzureReposGitAssemblyFile = C:\Program Files\dotnet\sdk\10.0.201\Sdks\Microsoft.SourceLink.AzureRepos.Git\build\..\tools\net\Microsoft.SourceLink.AzureRepos.Git.dll
                   _SourceLinkBitbucketAssemblyFile = C:\Program Files\dotnet\sdk\10.0.201\Sdks\Microsoft.SourceLink.Bitbucket.Git\build\..\tools\net\Microsoft.SourceLink.Bitbucket.Git.dll
                   _SourceLinkGitHubAssemblyFile = C:\Program Files\dotnet\sdk\10.0.201\Sdks\Microsoft.SourceLink.GitHub\build\..\tools\net\Microsoft.SourceLink.GitHub.dll
                   _SourceLinkGitLabAssemblyFile = C:\Program Files\dotnet\sdk\10.0.201\Sdks\Microsoft.SourceLink.GitLab\build\..\tools\net\Microsoft.SourceLink.GitLab.dll
                   _SourceLinkPropsImported = true
                   _SourceLinkSdkSubDir = build
                   _SupportedArchitectures = amd64 arm64
                   _SupportedPlatformList = @(SupportedPlatform, ',')
                   _SupportEmbedFileResources = true
                   _TargetFrameworkDirectories = 
                   _TargetFrameworkVersionValue = 0.0
                   _TargetFrameworkVersionWithoutV = 9.0
                   _TargetLatestRuntimePatchIsDefault = true
                   _TargetPlatformSdkDir = 
                   _TargetPlatformVersionUsesCsWinRT3 = false
                   _TargetsThatPrepareProjectReferences = 
                         AssignProjectConfiguration;
                         _SplitProjectReferencesByFileExistence
                       
                   _UnfilteredLayoutResfilesPath = obj\x64\Debug\net9.0-windows10.0.22621.0\win-x64\unfiltered.layout.resfiles
                   _UseAttributeForTargetFrameworkInfoPropertyNames = true
                   _UsingCSWinRT = true
                   _UsingDefaultForHasRuntimeOutput = true
                   _WindowsDesktopSdkTargetFrameworkVersionFloor = 3.0
                   _WinUIDllDir = C:\Users\paulm\.nuget\packages\microsoft.windowsappsdk\1.6.240829007\buildTransitive\..\runtimes\win10-x64\native\
                   _WinUIPlatformTarget = x64
                   _WinUIRuntimeIdentifier = win10-x64
                   _WorkloadLibraryPacksFolder = C:\Program Files\dotnet\library-packs
                   AddAdditionalExplicitAssemblyReferences = false
                   AddAppConfigToBuildOutputs = true
                   AddProcessedXamlFilesToCopyLocalDependsOn = 
                         ContentFilesProjectOutputGroup;
                         Prep_ComputeProcessXamlFiles;
                         
                       
                   AllOutputGroupsDependsOn = 
                         ;
                         BuildOnlySettings;
                         PrepareForBuild;
                         AssignTargetPaths;
                         ResolveReferences
                       
                   AllowedOutputExtensionsInPackageBuildOutputFolder = .dll; .exe; .winmd; .json; .pri; .xml ;
                   AllowedOutputExtensionsInSymbolsPackageBuildOutputFolder = .pdb; .mdb; .dll; .exe; .winmd; .json; .pri; .xml ;; 
                   AllowedReferenceAssemblyFileExtensions = 
                         .winmd;
                         .dll;
                         .exe
                       
                   AllowedReferenceRelatedFileExtensions = 
                         .pdb;
                         .xml;
                         .pri;
                         .dll.config;
                         .exe.config
                       
                   AllowUnsafeBlocks = true
                   AlwaysIncludeCoreFrameworkInRuntimeConfig = true
                   AlwaysUseNumericalSuffixInItemNames = true
                   AnalysisLevel = 9.0
                   AppDesignerFolder = Properties
                   AppendPlatformToOutputPath = true
                   AppendRuntimeIdentifierToOutputPath = true
                   AppendTargetFrameworkToOutputPath = true
                   AppInstallerDependsOn = 
                         GenerateAppInstallerFileForPackage;
                         CreateAppInstallerPublishMeta;
                         GeneratePublishHtmlForAppInstaller
                       
                   AppInstallerTemplateFileName = Package.appinstaller
                   ApplicationManifest = app.manifest
                   AppxAddDefaultTargetDeviceFamilyItem = true
                   AppxBundleAutoResourcePackageQualifiers = Language|Scale|DXFeatureLevel
                   AppxBundleEncryptedExtension = .emsixbundle
                   AppxBundleExtension = .msixbundle
                   AppxDefaultHashAlgorithmId = sha256
                   AppxDefaultResourceQualifiers = Language={DefaultResourceLanguage}|Contrast=standard|Scale=200|HomeRegion=001|TargetSize=256|LayoutDirection=LTR|DXFeatureLevel=DX9|Configuration=|AlternateForm=|Platform=UAP
                   AppxDefaultResourceQualifiers_UAP = Language={DefaultResourceLanguage}|Contrast=standard|Scale=200|HomeRegion=001|TargetSize=256|LayoutDirection=LTR|DXFeatureLevel=DX9|Configuration=|AlternateForm=|Platform=UAP
                   AppxDefaultResourceQualifierUAP_Contrast = standard
                   AppxDefaultResourceQualifierUAP_DxFeatureLevel = DX9
                   AppxDefaultResourceQualifierUAP_HomeRegion = 001
                   AppxDefaultResourceQualifierUAP_Language = {DefaultResourceLanguage}
                   AppxDefaultResourceQualifierUAP_LayoutDirection = LTR
                   AppxDefaultResourceQualifierUAP_Platform = UAP
                   AppxDefaultResourceQualifierUAP_Scale = 200
                   AppxDefaultResourceQualifierUAP_TargetSize = 256
                   AppxExcludeXamlFromLibraryLayoutsWhenXbfIsPresent = true
                   AppxGeneratePackageRecipeEnabled = true
                   AppxHarvestWinmdRegistration = true
                   AppxHashAlgorithmId = sha256
                   AppxIntermediateExtension = .intermediate
                   AppxManifestFileName = AppxManifest.xml
                   AppxPackage = true
                   AppxPackageDir = bin\x64\Debug\net9.0-windows10.0.22621.0\win-x64\AppPackages\
                   AppxPackageDirName = AppPackages
                   AppxPackageEncryptedExtension = .emsix
                   AppxPackageExtension = .msix
                   AppxPackageFileMap = obj\x64\Debug\net9.0-windows10.0.22621.0\win-x64\package.map.txt
                   AppxPackageRecipe = C:\Users\paulm\.mainroot\Mixr\Mixr.App\bin\x64\Debug\net9.0-windows10.0.22621.0\win-x64\Mixr.App.build.appxrecipe
                   AppxPackageUploadDir = bin\x64\Debug\net9.0-windows10.0.22621.0\win-x64\Upload\AppPackages\
                   AppxPackageUploadDirName = Upload
                   AppxPackagingArchitecture = x64
                   AppxPackagingComponentManifestPath = C:\Users\paulm\.nuget\packages\microsoft.windows.sdk.buildtools\10.0.22621.756\bin\10.0.22621.0\x64\Microsoft.Windows.Build.Appx.AppxPackaging.dll.manifest
                   AppxPackagingInfoFile = obj\x64\Debug\net9.0-windows10.0.22621.0\win-x64\_pkginfo.txt
                   AppxPrependPriInitialPath = false
                   AppxStoreContainerExtension = .msixupload
                   AppxSubfolderWithFilesToBeEmbedded = embed
                   AppxSymbolIntermediateDir = obj\x64\Debug\net9.0-windows10.0.22621.0\win-x64\Symbols
                   AppxSymbolPackageExtension = .msixsym
                   AppxUploadPackageRecipe = C:\Users\paulm\.mainroot\Mixr\Mixr.App\bin\x64\Debug\net9.0-windows10.0.22621.0\win-x64\Mixr.App.build.appxrecipe
                   AppxUseResourceIndexerApi = true
                   AppxWinMdCacheDir = obj\x64\Debug\net9.0-windows10.0.22621.0\win-x64\.winmd_cache
                   AppxWinMdCacheEnabled = true
                   AssemblyFoldersConfigFile = C:\Program Files\dotnet\sdk\10.0.201\AssemblyFolders.config
                   AssemblyFoldersSuffix = AssemblyFoldersEx
                   AssemblyName = Mixr
                   AssemblySearchPaths = {CandidateAssemblyFiles};{HintPathFromItem};{TargetFrameworkDirectory};{RawFileName}
                   AssemblyTitle = Mixr
                   AssetTargetFallback = ;net461;net462;net47;net471;net472;net48;net481
                   AssignTargetPathsDependsOn = 
                   Authors = Mixr
                   AutoIncludeCopyToPublishDirectoryItems = false
                   AutomaticallyUseReferenceAssemblyPackages = true
                   AutoUnifyAssemblyReferences = true
                   AvailablePlatforms = Any CPU,x86,x64,ARM32,ARM64
                   BaseIntermediateOutputPath = obj\
                   BaseOutputPath = bin\
                   BaseOutputPathWasSpecified = true
                   BuildCompileAction = Build
                   BuildDependsOn = 
                         BeforeBuild;
                         CoreBuild;
                         AfterBuild
                       
                   BuildGenerateSourcesAction = Build
                   BuildingProject = false
                   BuildInParallel = true
                   BuildLinkAction = Build
                   BuildOutputTargetFolder = lib
                   BuildProjectReferences = true
                   BuiltProjectOutputGroupDependenciesDependsOn = 
                         ;
                         
                         ;
                         BuildOnlySettings;
                         PrepareForBuild;
                         AssignTargetPaths;
                         ResolveReferences
                       
                       
                   BuiltProjectOutputGroupDependsOn = PrepareForBuild
                   BundledMSBuildVersion = 18.3.0
                   BundledNETCoreAppPackageVersion = 10.0.5
                   BundledNETCoreAppTargetFrameworkVersion = 10.0
                   BundledNETCorePlatformsPackageVersion = 10.0.5-servicing.26153.111
                   BundledNETStandardPackageVersion = 2.1.0
                   BundledNETStandardTargetFrameworkVersion = 2.1
                   BundledRuntimeIdentifierGraphFile = C:\Program Files\dotnet\sdk\10.0.201\RuntimeIdentifierGraph.json
                   CheckEolTargetFramework = true
                   CheckEolWorkloads = true
                   CheckForOverflowUnderflow = false
                   CleanDependsOn = 
                         BeforeClean;
                         UnmanagedUnregistration;
                         CoreClean;
                         CleanReferencedProjects;
                         CleanPublishFolder;
                         AfterClean
                       
                   CleanFile = Mixr.App.csproj.FileListAbsolute.txt
                   ClickOncePublishDir = bin\Debug\net9.0-windows10.0.22621.0\win-x64\publish\
                   CodeAnalysisRuleIds = CA1000;CA1001;CA1002;CA1003;CA1005;CA1008;CA1010;CA1012;CA1014;CA1016;CA1017;CA1018;CA1019;CA1021;CA1024;CA1027;CA1028;CA1030;CA1031;CA1032;CA1033;CA1034;CA1036;CA1040;CA1041;CA1043;CA1044;CA1045;CA1046;CA1047;CA1050;CA1051;CA1052;CA1054;CA1055;CA1056;CA1058;CA1060;CA1061;CA1062;CA1063;CA1064;CA1065;CA1066;CA1067;CA1068;CA1069;CA1070;CA1200;CA1303;CA1304;CA1305;CA1307;CA1308;CA1309;CA1310;CA1311;CA1401;CA1416;CA1417;CA1418;CA1419;CA1420;CA1421;CA1422;CA1501;CA1502;CA1505;CA1506;CA1507;CA1508;CA1509;CA1510;CA1511;CA1512;CA1513;CA1514;CA1515;CA1516;CA1700;CA1707;CA1708;CA1710;CA1711;CA1712;CA1713;CA1715;CA1716;CA1720;CA1721;CA1724;CA1725;CA1727;CA1802;CA1805;CA1806;CA1810;CA1812;CA1813;CA1814;CA1815;CA1816;CA1819;CA1820;CA1821;CA1822;CA1823;CA1824;CA1825;CA1826;CA1827;CA1828;CA1829;CA1830;CA1831;CA1832;CA1833;CA1834;CA1835;CA1836;CA1837;CA1838;CA1839;CA1840;CA1841;CA1842;CA1843;CA1844;CA1845;CA1846;CA1847;CA1848;CA1849;CA1850;CA1851;CA1852;CA1853;CA1854;CA1855;CA1856;CA1857;CA1858;CA1859;CA1860;CA1861;CA1862;CA1863;CA1864;CA1865;CA1866;CA1867;CA1868;CA1869;CA1870;CA1871;CA1872;CA1873;CA1874;CA1875;CA2000;CA2002;CA2007;CA2008;CA2009;CA2011;CA2012;CA2013;CA2014;CA2015;CA2016;CA2017;CA2018;CA2019;CA2020;CA2021;CA2022;CA2023;CA2024;CA2025;CA2100;CA2101;CA2119;CA2153;CA2200;CA2201;CA2207;CA2208;CA2211;CA2213;CA2214;CA2215;CA2216;CA2217;CA2218;CA2219;CA2224;CA2225;CA2226;CA2227;CA2231;CA2234;CA2235;CA2237;CA2241;CA2242;CA2243;CA2244;CA2245;CA2246;CA2247;CA2248;CA2249;CA2250;CA2251;CA2252;CA2253;CA2254;CA2255;CA2256;CA2257;CA2258;CA2259;CA2260;CA2261;CA2262;CA2263;CA2264;CA2265;CA2300;CA2301;CA2302;CA2305;CA2310;CA2311;CA2312;CA2315;CA2321;CA2322;CA2326;CA2327;CA2328;CA2329;CA2330;CA2350;CA2351;CA2352;CA2353;CA2354;CA2355;CA2356;CA2361;CA2362;CA3001;CA3002;CA3003;CA3004;CA3005;CA3006;CA3007;CA3008;CA3009;CA3010;CA3011;CA3012;CA3061;CA3075;CA3076;CA3077;CA3147;CA5350;CA5351;CA5358;CA5359;CA5360;CA5361;CA5362;CA5363;CA5364;CA5365;CA5366;CA5367;CA5368;CA5369;CA5370;CA5371;CA5372;CA5373;CA5374;CA5375;CA5376;CA5377;CA5378;CA5379;CA5380;CA5381;CA5382;CA5383;CA5384;CA5385;CA5386;CA5387;CA5388;CA5389;CA5390;CA5391;CA5392;CA5393;CA5394;CA5395;CA5396;CA5397;CA5398;CA5399;CA5400;CA5401;CA5402;CA5403;CA5404;CA5405
                   CodeAnalysisTargets = C:\Program Files\dotnet\sdk\10.0.201\Microsoft\VisualStudio\v18.0\CodeAnalysis\Microsoft.CodeAnalysis.targets
                   ComFilesOutputGroupDependsOn = 
                         ;
                         
                         ;
                         BuildOnlySettings;
                         PrepareForBuild;
                         AssignTargetPaths;
                         ResolveReferences
                       
                       
                   CommandLineArgsForDesignTimeEvaluation = -langversion:13.0 -define:TRACE;DISABLE_XAML_GENERATED_MAIN
                   CommonOutputGroupsDependsOn = 
                         ;
                         BuildOnlySettings;
                         PrepareForBuild;
                         AssignTargetPaths;
                         ResolveReferences
                       
                   CommonTargetsPath = C:\Program Files\dotnet\sdk\10.0.201\Microsoft.Common.CurrentVersion.targets
                   CommonXamlResourcesDirectory = C:\Program Files\dotnet\sdk\10.0.201\\
                   Company = Mixr
                   CompileDependsOn = 
                         
                         ResolveReferences;
                         ResolveKeySource;
                         SetWin32ManifestProperties;
                         _SetPreferNativeArm64Win32ManifestProperties;
                         FindReferenceAssembliesForReferences;
                         _GenerateCompileInputs;
                         BeforeCompile;
                         _TimeStampBeforeCompile;
                         _GenerateCompileDependencyCache;
                         CoreCompile;
                         _TimeStampAfterCompile;
                         AfterCompile;
                       ;
                         _CreateAppHost;
                         _CreateComHost;
                         _GetIjwHostPaths;
                       
                   CompileLicxFilesDependsOn = 
                   CompilerApiVersion = roslyn5.3
                   CompilerGeneratedFilesOutputPath = 
                   ComputeIntermediateSatelliteAssembliesDependsOn = 
                         CreateManifestResourceNames
                       
                   ComputeNETCoreBuildOutputFiles = true
                   ComReferenceExecuteAsTool = false
                   ComReferenceNoClassMembers = false
                   Configuration = Debug
                   ConfigurationName = Debug
                   Configurations = Debug;Release
                   ConsiderPlatformAsProcessorArchitecture = true
                   ContainerCustomTasksAssembly = C:\Program Files\dotnet\sdk\10.0.201\Containers\build\..\tasks\net10.0\Microsoft.NET.Build.Containers.dll
                   ContainerCustomTasksFolder = C:\Program Files\dotnet\sdk\10.0.201\Containers\build\..\tasks\net10.0\
                   ContainerizeFolder = C:\Program Files\dotnet\sdk\10.0.201\Containers\build\..\containerize\
                   ContainerizeFolderName = containerize
                   ContainerTaskFolderName = tasks
                   ContainerTaskFramework = net10.0
                   ContentFilesProjectOutputGroupDependsOn = PrepareForBuild;AssignTargetPaths
                   ContentPreprocessorOutputDirectory = obj\x64\Debug\net9.0-windows10.0.22621.0\win-x64\NuGet\
                   ContentTargetFolders = content;contentFiles
                   ContinueOnError = false
                   CopyBuildOutputToPublishDirectory = true
                   CopyConflictingTransitiveContent = false
                   CopyLocalFilesOutputGroupDependsOn = 
                         ;
                         
                         ;
                         BuildOnlySettings;
                         PrepareForBuild;
                         AssignTargetPaths;
                         ResolveReferences
                       
                       
                   CopyLocalLockFileAssemblies = true
                   CopyOutputSymbolsToPublishDirectory = true
                   CopyWinmdArtifactsOutputGroupDependsOn = 
                         ;
                         GetResolvedWinMD;
                         
                         ;
                         BuildOnlySettings;
                         PrepareForBuild;
                         AssignTargetPaths;
                         ResolveReferences
                       
                       
                   CoreBuildDependsOn = 
                         _CheckForBuildWithNoBuild;
                         
                         BuildOnlySettings;
                         PrepareForBuild;
                         PreBuildEvent;
                         ResolveReferences;
                         PrepareResources;
                         ResolveKeySource;
                         Compile;
                         ExportWindowsMDFile;
                         UnmanagedUnregistration;
                         GenerateSerializationAssemblies;
                         CreateSatelliteAssemblies;
                         GenerateManifests;
                         GetTargetPath;
                         PrepareForRun;
                         UnmanagedRegistration;
                         IncrementalClean;
                         PostBuildEvent
                       ;
                         GenerateBuildDependencyFile;
                         GenerateBuildRuntimeConfigurationFiles
                       
                   CoreCleanDependsOn = 
                         _SdkBeforeClean;
                         
                       
                   CoreCompileDependsOn = ;_ComputeNonExistentFileProperty;ResolveCodeAnalysisRuleSet
                   CoreResGenDependsOn = FindReferenceAssembliesForReferences
                   CppWinRTAddXamlMetaDataProviderIdl = true
                   CppWinRTHeapEnforcement = true
                   CreateCustomManifestResourceNamesDependsOn = 
                   CreateHardLinksForCopyAdditionalFilesIfPossible = false
                   CreateManifestResourceNamesDependsOn = 
                   CreateSatelliteAssembliesDependsOn = 
                         
                         ;
                         _GenerateSatelliteAssemblyInputs;
                         ComputeIntermediateSatelliteAssemblies;
                         GenerateSatelliteAssemblies
                       ;
                         CoreGenerateSatelliteAssemblies
                       
                   CreateSymbolicLinksForCopyAdditionalFilesIfPossible = false
                   CSharpCoreTargetsPath = C:\Program Files\dotnet\sdk\10.0.201\Sdks\Microsoft.NET.Sdk\targets\..\..\..\Roslyn\Microsoft.CSharp.Core.targets
                   CSharpDesignTimeTargetsPath = C:\Program Files\dotnet\sdk\10.0.201\\Microsoft\VisualStudio\Managed\Microsoft.CSharp.DesignTime.targets
                   CSharpTargetsPath = C:\Program Files\dotnet\sdk\10.0.201\Microsoft.CSharp.CurrentVersion.targets
                   CsWinRTAotOptimizerEnabled = true
                   CsWinRTCcwLookupTableGeneratorEnabled = true
                   CsWinRTGenerateInteropAssembly = false
                   CsWinRTGeneratorEnableIncrementalGeneration = true
                   CsWinRTGeneratorInteropAssemblyDirectory = obj\x64\Debug\net9.0-windows10.0.22621.0\win-x64\
                   CsWinRTGeneratorLogStandardErrorAsError = true
                   CsWinRTGeneratorMaxDegreesOfParallelism = -1
                   CsWinRTGeneratorStandardErrorImportance = High
                   CsWinRTGeneratorStandardOutputImportance = High
                   CsWinRTGeneratorTreatWarningsAsErrors = false
                   CsWinRTGeneratorValidateWinRTRuntimeAssemblyVersion = true
                   CsWinRTGeneratorValidateWinRTRuntimeDllVersion2References = true
                   CsWinRTUseWindowsUIXamlProjections = false
                   CustomAfterDirectoryBuildProps = ;C:\Program Files\dotnet\sdk\10.0.201\Sdks\Microsoft.NET.Sdk\Sdk\UseArtifactsOutputPath.props
                   CustomAfterMicrosoftCommonProps = C:\Program Files\dotnet\sdk\10.0.201\\vCurrent\Custom.After.Microsoft.Common.props
                   CustomAfterMicrosoftCommonTargets = C:\Program Files\dotnet\sdk\10.0.201\\vCurrent\Custom.After.Microsoft.Common.targets
                   CustomAfterMicrosoftCSharpTargets = C:\Program Files\dotnet\sdk\10.0.201\\vCurrent\Custom.After.Microsoft.CSharp.targets
                   CustomBeforeMicrosoftCommonProps = C:\Program Files\dotnet\sdk\10.0.201\\vCurrent\Custom.Before.Microsoft.Common.props
                   CustomBeforeMicrosoftCommonTargets = C:\Users\paulm\.nuget\packages\microsoft.windowsappsdk\1.6.240829007\buildTransitive\Microsoft.UI.Xaml.Markup.Compiler.BeforeCommon.targets
                   CustomBeforeMicrosoftCSharpTargets = C:\Program Files\dotnet\sdk\10.0.201\\vCurrent\Custom.Before.Microsoft.CSharp.targets
                   DebugSymbols = true
                   DebugSymbolsProjectOutputGroupDependenciesDependsOn = 
                         ;
                         
                         ;
                         BuildOnlySettings;
                         PrepareForBuild;
                         AssignTargetPaths;
                         ResolveReferences
                       
                       
                   DebugSymbolsProjectOutputGroupDependsOn = 
                   DebugType = portable
                   DefaultAllowedOutputExtensionsInPackageBuildOutputFolder = .dll; .exe; .winmd; .json; .pri; .xml
                   DefaultCopyToPublishDirectoryMetadata = true
                   DefaultDpiAwareSettings = PerMonV2
                   DefaultExcludesInProjectFolder = ;;**/.*/**
                   DefaultImplicitPackages = Microsoft.NETCore.App;NETStandard.Library
                   DefaultItemExcludes = ;bin\x64\Debug\/**;obj\x64\Debug\/**;bin\/**;obj\/**;bin\Debug\net9.0-windows10.0.22621.0\win-x64\publish\/**;**/*.user;**/*.*proj;**/*.sln;**/*.slnx;**/*.vssscc;**/.DS_Store
                   DefaultLanguage = en-US
                   DefaultLanguageSourceExtension = .cs
                   DefaultProjectTypeGuid = {FAE04EC0-301F-11D3-BF4B-00C04F79EFBC}
                   DefaultXamlRuntime = WinUI
                   DefineCommonCapabilities = true
                   DefineCommonItemSchemas = true
                   DefineCommonReferenceSchemas = true
                   DefineConstants = TRACE;DISABLE_XAML_GENERATED_MAIN;MICROSOFT_WINDOWSAPPSDK_SELFCONTAINED;DEBUG
                   DelaySign = 
                   DeploymentComputeClickOnceManifestInfoDependsOn = 
                         CleanPublishFolder;
                         GetCopyToOutputDirectoryItems;
                         _DeploymentGenerateTrustInfo;
                         
                       
                   DeployOptionalPackages = False
                   DesignerRuntimeImplementationProjectOutputGroupDependsOn = 
                         
                         ;
                         
                         ;
                         BuildOnlySettings;
                         PrepareForBuild;
                         AssignTargetPaths;
                         ResolveReferences
                       
                       ;
                         _GenerateDesignerDepsFile;
                         _GenerateDesignerRuntimeConfigFile;
                         GetCopyToOutputDirectoryItems;
                         _GatherDesignerShadowCopyFiles;
                       
                   DesignTimeAssemblySearchPaths = {CandidateAssemblyFiles};{HintPathFromItem};{TargetFrameworkDirectory};{RawFileName}
                   DesignTimeAutoUnify = true
                   DesignTimeResolveAssemblyReferencesDependsOn = 
                         GetFrameworkPaths;
                         GetReferenceAssemblyPaths;
                         ResolveReferences
                       
                   Deterministic = true
                   DevEnvDir = *Undefined*
                   DisableAppxManifestItemPackageContentValidation = false
                   DisableHandlePackageFileConflicts = true
                   DisableHasPackageAndPublishMenuAddedByProject = true
                   DisableLogTaskParameter_ConvertToAbsolutePath_Path = true
                   DisableLogTaskParameter_FindUnderPath_OutOfPath = true
                   DisableLogTaskParameter_RemoveDuplicates_Inputs = true
                   DisableLogTaskParameterItemMetadata_ConvertToAbsolutePath_AbsolutePaths = true
                   DisableLogTaskParameterItemMetadata_Copy_CopiedFiles = true
                   DisableLogTaskParameterItemMetadata_Copy_DestinationFiles = true
                   DisableLogTaskParameterItemMetadata_Copy_SourceFiles = true
                   DisableLogTaskParameterItemMetadata_FindUnderPath_Files = true
                   DisableLogTaskParameterItemMetadata_FindUnderPath_InPath = true
                   DisableLogTaskParameterItemMetadata_GenerateResource_FilesWritten = true
                   DisableLogTaskParameterItemMetadata_Hash_ItemsToHash = true
                   DisableLogTaskParameterItemMetadata_RemoveDuplicates_Filtered = true
                   DisableLogTaskParameterItemMetadata_WriteLinesToFile_Lines = true
                   DisableMsixProjectCapabilityAddedByProject = true
                   DisableStandardFrameworkResolution = true
                   DisableXbfGeneration = false
                   DisableXbfLineInfo = false
                   DocumentationFile = 
                   DocumentationProjectOutputGroupDependenciesDependsOn = 
                         ;
                         
                         ;
                         BuildOnlySettings;
                         PrepareForBuild;
                         AssignTargetPaths;
                         ResolveReferences
                       
                       
                   DocumentationProjectOutputGroupDependsOn = 
                   DOTNET_CLI_TELEMETRY_SESSIONID = 486eef30-9be9-4f75-a993-0ddd8f507d37
                   DOTNET_HOST_PATH = C:\Program Files\dotnet\dotnet.exe
                   DotNetApiCompatTaskAssembly = C:\Program Files\dotnet\sdk\10.0.201\Sdks\Microsoft.NET.Sdk\targets\..\tools\net10.0\Microsoft.DotNet.ApiCompat.Task.dll
                   DotnetCliToolTargetFramework = netcoreapp2.2
                   EffectiveAnalysisLevel = 9.0
                   EffectiveCodeAnalysisTreatWarningsAsErrors = 
                   EffectivePlatform = x64
                   EffectiveTargetPlatformVersion = 10.0.22621.0
                   EmbeddedResourceUseDependentUponConvention = true
                   EmbeddedWin32Manifest = 
                   EmbedManifest = true
                   EmbedUntrackedSources = true
                   EmitAssetsLogMessages = true
                   EmitCompilerGeneratedFiles = false
                   EmitLegacyAssetsFileItems = false
                   EnableAppxPackageTargetsForUwpClassLibraries = true
                   EnableCoreMrtTooling = false
                   EnableDefaultApplicationDefinition = true
                   EnableDefaultAssets = true
                   EnableDefaultCompileItems = true
                   EnableDefaultEmbeddedResourceItems = true
                   EnableDefaultItems = true
                   EnableDefaultNoneItems = true
                   EnableDefaultPageItems = true
                   EnableDefaultPriItems = true
                   EnableDefaultValidationContextGeneration = true
                   EnableFrameworkPathOverride = false
                   EnableMsixTooling = true
                   EnableNETAnalyzers = true
                   EnablePriGenTooling = false
                   EnableSdkContainerSupport = true
                   EnableSourceControlManagerQueries = true
                   EnableSourceLink = true
                   EnableTypeInfoReflection = false
                   EnableUnsafeBinaryFormatterSerialization = false
                   EnableUnsafeMixedMicrosoftWindowsUIXamlProjections = false
                   EnableWebSdkImplicitPackageVersions = false
                   EnableWin32Codegen = true
                   EnableXBindDiagnostics = true
                   EnforceCodeStyleInBuild = false
                   ErrorReport = prompt
                   ExpandSDKAllowedReferenceExtensions = 
                         .winmd;
                         .dll
                       
                   ExpandSDKReferencesDependsOn = 
                         ResolveSDKReferences
                       
                   FacadeWinmdPath = C:\Program Files (x86)\Windows Kits\10\UnionMetadata\facade\Windows.winmd
                   FileAlignment = 512
                   FinalAppxManifestName = C:\Users\paulm\.mainroot\Mixr\Mixr.App\bin\x64\Debug\net9.0-windows10.0.22621.0\win-x64\AppxManifest.xml
                   FinalAppxPackageRecipe = C:\Users\paulm\.mainroot\Mixr\Mixr.App\bin\x64\Debug\net9.0-windows10.0.22621.0\win-x64\Mixr.App.appxrecipe
                   FinalAppxUploadPackageRecipe = C:\Users\paulm\.mainroot\Mixr\Mixr.App\bin\x64\Debug\net9.0-windows10.0.22621.0\win-x64\Mixr.App.appxrecipe
                   FindInvalidProjectReferences = true
                   FindInvalidProjectReferencesDependsOn = 
                         GetReferenceTargetPlatformMonikers
                       
                   Framework20Dir = @(_TargetFramework20DirectoryItem)
                   Framework30Dir = @(_TargetFramework30DirectoryItem)
                   Framework35Dir = @(_TargetFramework35DirectoryItem)
                   Framework40Dir = @(_TargetFramework40DirectoryItem)
                   FrameworkDir = @(_TargetFramework40DirectoryItem)
                   FrameworkPathOverride = 
                   FrameworkRegistryBase = Software\Microsoft\.NETCoreApp
                   FrameworkSDKDir = @(_TargetFrameworkSDKDirectoryItem)
                   FullReferenceAssemblyNames = Full
                   GenerateAppxPackageOnBuild = false
                   GenerateAssemblyCompanyAttribute = true
                   GenerateAssemblyConfigurationAttribute = true
                   GenerateAssemblyCopyrightAttribute = true
                   GenerateAssemblyDescriptionAttribute = true
                   GenerateAssemblyFileVersionAttribute = true
                   GenerateAssemblyInfo = true
                   GenerateAssemblyInformationalVersionAttribute = true
                   GenerateAssemblyMetadataAttributes = true
                   GenerateAssemblyProductAttribute = true
                   GenerateAssemblyTitleAttribute = true
                   GenerateAssemblyTrademarkAttribute = true
                   GenerateAssemblyVersionAttribute = true
                   GenerateBindingRedirectsOutputType = true
                   GenerateClickOnceManifests = 
                   GeneratedAssemblyInfoFile = obj\x64\Debug\net9.0-windows10.0.22621.0\win-x64\Mixr.App.AssemblyInfo.cs
                   GenerateDependencyFile = true
                   GeneratedFilesDir = Generated Files\
                   GeneratedGlobalUsingsFile = obj\x64\Debug\net9.0-windows10.0.22621.0\win-x64\Mixr.App.GlobalUsings.g.cs
                   GenerateDisableRuntimeMarshallingAttribute = true
                   GenerateDocumentationFile = false
                   GenerateFullPaths = true
                   GenerateInternalsVisibleToAttributes = true
                   GenerateManifest = true
                   GenerateManifestsDependsOn = 
                         SetWin32ManifestProperties;
                         GenerateApplicationManifest;
                         GenerateDeploymentManifest
                       
                   GenerateMsixAfterTarget = PrepareMsixPackage
                   GenerateMsixPackageDependsOn = 
                         ;
                         PrepareMsixPackage;
                         _EnsurePdbCmfExeFullPath;
                         _ComputeAppxPackageOutput;
                         _GenerateAppxPackageFile;
                         _GenerateAppxSymbolPackage;
                         _CreateTestLayout;
                   
                         
                         GenerateAppInstallerForPackage;
                   
                         _AddWindowsInstallScriptToTestLayout;
                       
                   GenerateNeutralResourcesLanguageAttribute = true
                   GenerateNuspecDependsOn = Build;_LoadPackInputItems; _GetTargetFrameworksOutput; _WalkEachTargetPerFramework; _GetPackageFiles; 
                   GeneratePackageOnBuild = false
                   GenerateProjectPriFileDependsOn = 
                         
                         ;
                         CopyFilesToOutputDirectory;
                         BeforeGenerateProjectPriFile;
                       ;
                         GetPriOutputs;
                         _GetPriFilesFromPayload;
                         _ComputeInputPriFiles;
                         _GenerateProjectPriConfigurationFiles;
                         _GenerateProjectPriFileCore;
                         _AddFileReadsAndFileWritesForProjectPri;
                         _CalculateUseResourceIndexerApi;
                         _ExpandProjectPriFile;
                         AfterGenerateProjectPriFile
                       
                   GenerateRepositoryUrlAttribute = true
                   GenerateResourceMSBuildArchitecture = CurrentArchitecture
                   GenerateResourceMSBuildRuntime = CurrentRuntime
                   GenerateResourceUsePreserializedResources = true
                   GenerateRuntimeConfigDevFile = false
                   GenerateRuntimeConfigurationFiles = true
                   GenerateSatelliteAssembliesForCore = true
                   GenerateSupportedOSPlatformAttribute = true
                   GenerateTargetFrameworkAttribute = true
                   GenerateTargetPlatformAttribute = true
                   GenXbfPath = C:\Users\paulm\.nuget\packages\microsoft.windowsappsdk\1.6.240829007\buildTransitive\..\tools\net6.0\..\
                   GetCopyToOutputDirectoryItemsDependsOn = 
                               
                         AddProcessedXamlFilesToCopyLocal;
                         
                         GetPriOutputs;
                         
                         AssignTargetPaths;
                         
                         AssignProjectConfiguration;
                         _SplitProjectReferencesByFileExistence
                       ;
                         _GetProjectReferenceTargetFrameworkProperties;
                         _PopulateCommonStateForGetCopyToOutputDirectoryItems
                       ;
                       ;
                       ;
                               AddMicrosoftWindowsAppSDKPayloadFiles
                           
                   GetCopyToOutputDirectoryItemsOutputGroupDependsOn = 
                         ;
                         GetCopyToOutputDirectoryItems;
                         
                         ;
                         BuildOnlySettings;
                         PrepareForBuild;
                         AssignTargetPaths;
                         ResolveReferences
                       
                       
                   GetFrameworkPathsDependsOn = 
                   GetPackagingOutputsDependsOn = 
                         ;
                         AssignProjectConfiguration;
                         _SplitProjectReferencesByFileExistence;
                         GetPriOutputs;
                       
                   GetPriOutputsDependsOn = 
                         ;
                         AssignProjectConfiguration;
                         _CalculateXbfSupport;
                       
                   GetReferenceNearestTargetFrameworkTaskSupportsTargetPlatformParameter = true
                   GetTargetPathWithTargetPlatformMonikerDependsOn = 
                   HasPackageAndPublishMenu = true
                   HasRuntimeOutput = true
                   HideWarningsAndErrors = false
                   HighEntropyVA = true
                   ImplicitConfigurationDefine = DEBUG
                   ImplicitlyExpandTargetFrameworkDependsOn = 
                               ;
                               GetReferenceAssemblyPaths
                           
                   ImplicitUsings = enable
                   ImportByWildcardAfterMicrosoftCommonProps = true
                   ImportByWildcardAfterMicrosoftCommonTargets = true
                   ImportByWildcardAfterMicrosoftCSharpTargets = true
                   ImportByWildcardBeforeMicrosoftCommonProps = true
                   ImportByWildcardBeforeMicrosoftCommonTargets = true
                   ImportByWildcardBeforeMicrosoftCSharpTargets = true
                   ImportDirectoryBuildProps = true
                   ImportDirectoryBuildTargets = true
                   ImportDirectoryPackagesProps = true
                   ImportFrameworkWinFXTargets = false
                   ImportNuGetBuildTasksPackTargetsFromSdk = true
                   ImportProjectExtensionProps = true
                   ImportProjectExtensionTargets = true
                   ImportUserLocationsByWildcardAfterMicrosoftCommonProps = true
                   ImportUserLocationsByWildcardAfterMicrosoftCommonTargets = true
                   ImportUserLocationsByWildcardAfterMicrosoftCSharpTargets = true
                   ImportUserLocationsByWildcardBeforeMicrosoftCommonProps = true
                   ImportUserLocationsByWildcardBeforeMicrosoftCommonTargets = true
                   ImportUserLocationsByWildcardBeforeMicrosoftCSharpTargets = true
                   IncludeBuildOutput = true
                   IncludeContentInPack = true
                   IncludeCustomOutputGroupForPackaging = true
                   IncludeFileVersionsInDependencyFile = true
                   IncludeLayoutFilesInPackage = false
                   IncludeMainProjectInDepsFile = true
                   IncludeProjectsNotInAssetsFileInDepsFile = true
                   IncludeSourceRevisionInInformationalVersion = true
                   IncludeSymbolsInSingleFile = false
                   IncludeWindowsSDKRefFrameworkReferences = true
                   InnerBuildProperty = TargetFramework
                   InnerBuildPropertyValues = TargetFrameworks
                   InstallerFileWritesLogPath = obj\x64\Debug\net9.0-windows10.0.22621.0\win-x64\_installerinfo.log
                   IntermediateOutputPath = obj\x64\Debug\net9.0-windows10.0.22621.0\win-x64\
                   IsNativeLanguage = false
                   IsPackable = true
                   IsPublishable = true
                   IsRestoreTargetsFileLoaded = true
                   IsRidAgnostic = false
                   Ixp-Platform = win10-x64
                   Ixp-UAPTargetVersion = uap10.0.18362
                   Language = C#
                   LanguageTargets = C:\Program Files\dotnet\sdk\10.0.201\Microsoft.CSharp.targets
                   LangVersion = 13.0
                   LayoutDir = C:\Users\paulm\.mainroot\Mixr\Mixr.App\bin\x64\Debug\net9.0-windows10.0.22621.0\win-x64\AppX
                   LogSDKReferenceResolutionErrorsAsWarnings = true
                   MakeAppxArchitecture = x64
                   MakeAppxExeFullPath = C:\Users\paulm\.nuget\packages\microsoft.windows.sdk.buildtools\10.0.22621.756\bin\10.0.22621.0\x64\MakeAppx.exe
                   MakePriArchitecture = x64
                   MakePriExeFullPath = C:\Users\paulm\.nuget\packages\microsoft.windows.sdk.buildtools\10.0.22621.756\bin\10.0.22621.0\x64\makepri.exe
                   ManagedWinmdInprocImplementation = CLRHost.dll
                   ManifestTool = C:\Users\paulm\.nuget\packages\microsoft.windows.sdk.buildtools\10.0.22621.756\bin\10.0.22621.0\x64\mt.exe
                   MarkPackageReferencesAsExternallyResolved = false
                   MarkupCompilePass1DependsOn = 
                               GetVCInstallPath;
                               GetXamlCppIncludeDirectories;
                               ;
                               GetPriIndexName;
                               GetPrecompiledHeaderFile;
                               
                           
                   MarkupCompilePass2DependsOn = 
                               GetVCInstallPath;
                               GetXamlCppIncludeDirectories;
                               
                               GetPriIndexName;
                               GetPrecompiledHeaderFile;
                               
                           
                   MaxSupportedLangVersion = 13.0
                   MaxTargetPath = 100
                   MicrosoftBuildMsixXamlNeutralResourcesDirectory = C:\Users\paulm\.nuget\packages\microsoft.windowsappsdk\1.6.240829007\buildTransitive\Rules\
                   MicrosoftBuildMsixXamlResourcesDirectory = C:\Users\paulm\.nuget\packages\microsoft.windowsappsdk\1.6.240829007\buildTransitive\Rules\
                   MicrosoftBuildTasksGitAssemblyFile = C:\Program Files\dotnet\sdk\10.0.201\Sdks\Microsoft.Build.Tasks.Git\build\..\tools\net\Microsoft.Build.Tasks.Git.dll
                   MicrosoftCommonPropsHasBeenImported = true
                   MicrosoftNETBuildExtensionsTargets = C:\Program Files\dotnet\sdk\10.0.201\\Microsoft\Microsoft.NET.Build.Extensions\Microsoft.NET.Build.Extensions.targets
                   MicrosoftNETBuildExtensionsTasksAssembly = C:\Program Files\dotnet\sdk\10.0.201\Microsoft\Microsoft.NET.Build.Extensions\\tools\net10.0\Microsoft.NET.Build.Extensions.Tasks.dll
                   MicrosoftNETBuildTasksAssembly = C:\Program Files\dotnet\sdk\10.0.201\Sdks\Microsoft.NET.Sdk\targets\..\tools\net10.0\Microsoft.NET.Build.Tasks.dll
                   MicrosoftNETBuildTasksDirectory = C:\Program Files\dotnet\sdk\10.0.201\Sdks\Microsoft.NET.Sdk\targets\..\tools\net10.0\
                   MicrosoftNETBuildTasksDirectoryRoot = C:\Program Files\dotnet\sdk\10.0.201\Sdks\Microsoft.NET.Sdk\targets\..\tools\
                   MicrosoftNETBuildTasksTFM = net10.0
                   MicrosoftNETFrameworkReferenceAssembliesLatestPackageVersion = 1.0.3
                   MicrosoftNETWindowsWorkloadInstalled = true
                   MicrosoftWindowsAppSDKChannel = stable
                   MicrosoftWindowsAppSDKPackageDir = C:\Users\paulm\.nuget\packages\microsoft.windowsappsdk\1.6.240829007\
                   MinimumMSBuildVersion = 18.0.0
                   MinimumVisualStudioVersionForUnsupportedTargetFrameworkVersion = 17.16
                   MrmSupportLibraryArchitecture = x64
                   MrmSupportLibraryPath = C:\Users\paulm\.nuget\packages\microsoft.windows.sdk.buildtools\10.0.22621.756\bin\10.0.22621.0\x64\MrmSupport.dll
                   MsAppxPackageTargets = Dont-Use-MsAppxPackageTargets
                   MSBuildAllProjects = C:\Users\paulm\.mainroot\Mixr\Mixr.App\obj\Mixr.App.csproj.nuget.g.targets;;C:\Program Files\dotnet\sdk\10.0.201\Current\Microsoft.Common.targets\ImportAfter\Microsoft.TestPlatform.ImportAfter.targets;C:\Users\paulm\.nuget\packages\microsoft.windowsappsdk\1.6.240829007\buildTransitive\Microsoft.Build.Msix.Packaging.targets
                   MSBuildAssemblyVersion = 18.0
                   MSBuildBinPath = C:\Program Files\dotnet\sdk\10.0.201
                   MSBuildCopyContentTransitively = true
                   MSBuildCopyMarkerName = Mixr.App.csproj.Up2Date
                   MSBuildDisableFeaturesFromVersion = 999.999
                   MSBuildEnableWorkloadResolver = true
                   MSBuildExtensionsPath = C:\Program Files\dotnet\sdk\10.0.201\
                   MSBuildExtensionsPath32 = C:\Program Files\dotnet\sdk\10.0.201
                   MSBuildExtensionsPath64 = C:\Program Files\dotnet\sdk\10.0.201
                   MSBUILDFAILONDRIVEENUMERATINGWILDCARD = 1
                   MSBuildFileVersion = 18.3.0.15422
                   MSBuildLoadMicrosoftTargetsReadOnly = true
                   MSBuildNodeCount = 16
                   MSBuildProgramFiles32 = C:\Program Files (x86)
                   MSBuildProjectDefaultTargets = Build
                   MSBuildProjectDirectory = C:\Users\paulm\.mainroot\Mixr\Mixr.App
                   MSBuildProjectDirectoryNoRoot = Users\paulm\.mainroot\Mixr\Mixr.App
                   MSBuildProjectExtension = .csproj
                   MSBuildProjectExtensionsPath = C:\Users\paulm\.mainroot\Mixr\Mixr.App\obj\
                   MSBuildProjectFile = Mixr.App.csproj
                   MSBuildProjectFullPath = C:\Users\paulm\.mainroot\Mixr\Mixr.App\Mixr.App.csproj
                   MSBuildProjectName = Mixr.App
                   MSBuildRuntimeType = Core
                   MSBuildSDKsPath = C:\Program Files\dotnet\sdk\10.0.201\Sdks
                   MSBuildSemanticVersion = 18.3.0-release-26153-122+4d3023de6
                   MSBuildStartupDirectory = C:\Users\paulm\.mainroot\Mixr
                   MSBuildToolsPath = C:\Program Files\dotnet\sdk\10.0.201
                   MSBuildToolsVersion = Current
                   MSBuildUserExtensionsPath = C:\Users\paulm\AppData\Local\Microsoft\MSBuild
                   MSBUILDUSESERVER = 0
                   MSBuildUseVisualStudioDirectoryLayout = False
                   MSBuildVersion = 18.3.0
                   MSBuildWarningsAsErrors = ;NU1605
                   MSBuildWarningsAsMessages = 
                         
                          ;1701;1702;MSB3277;
                   
                          
                          APPX1707;
                       ;
                         MSB3842;
                         MSB3843;
                       
                   MSBuildWarningsNotAsErrors = 
                   MsixCommonProps = C:\Users\paulm\.nuget\packages\microsoft.windowsappsdk\1.6.240829007\buildTransitive\Microsoft.Build.Msix.Common.props
                   MsixCppProps = C:\Users\paulm\.nuget\packages\microsoft.windowsappsdk\1.6.240829007\buildTransitive\Microsoft.Build.Msix.Cpp.props
                   MsixCppTargets = Microsoft.Build.Msix.Cpp.targets
                   MsixCsTargets = Microsoft.Build.Msix.Cs.targets
                   MsixDesignTimeTargets = Microsoft.Build.Msix.DesignTime.targets
                   MsixPackageSupport = true
                   MsixPackagingTargets = Microsoft.Build.Msix.Packaging.targets
                   MsixTaskAssembly = C:\Users\paulm\.nuget\packages\microsoft.windowsappsdk\1.6.240829007\buildTransitive\..\tools\net6.0\Microsoft.Build.Msix.dll
                   MsixTaskAssemblyLocation = C:\Users\paulm\.nuget\packages\microsoft.windowsappsdk\1.6.240829007\buildTransitive\..\tools\net6.0\
                   MsixTaskAssemblyNamespace = Microsoft.Build.Msix
                   MsTestToolsTargets = C:\Program Files\dotnet\sdk\10.0.201\Microsoft\VisualStudio\v18.0\TeamTest\Microsoft.TeamTest.targets
                   NETCoreAppMaximumVersion = 10.0
                   NetCoreRoot = C:\Program Files\dotnet\
                   NETCoreSdkBundledCliToolsProps = C:\Program Files\dotnet\sdk\10.0.201\Sdks\Microsoft.NET.Sdk\targets\..\..\..\Microsoft.NETCoreSdk.BundledCliTools.props
                   NETCoreSdkBundledMSBuildInformationProps = C:\Program Files\dotnet\sdk\10.0.201\Sdks\Microsoft.NET.Sdk\targets\..\..\..\Microsoft.NETCoreSdk.BundledMSBuildInformation.props
                   NETCoreSdkBundledVersionsProps = C:\Program Files\dotnet\sdk\10.0.201\Sdks\Microsoft.NET.Sdk\targets\..\..\..\Microsoft.NETCoreSdk.BundledVersions.props
                   NETCoreSdkPortableRuntimeIdentifier = win-x64
                   NETCoreSdkRuntimeIdentifier = win-x64
                   NETCoreSdkVersion = 10.0.201
                   NetCoreTargetingPackRoot = C:\Program Files\dotnet\packs
                   NoCompilerStandardLib = true
                   NoStdLib = true
                   NoWarn = 1701;1702;MSB3277
                   NuGetAudit = true
                   NuGetAuditLevel = low
                   NuGetAuditMode = direct
                   NuGetBuildTasksPackTargets = C:\Program Files\dotnet\sdk\10.0.201\Sdks\Microsoft.NET.Sdk\Sdk\..\..\..\NuGet.Build.Tasks.Pack.targets
                   NuGetInteractive = 
                   NuGetPackageFolders = C:\Users\paulm\.nuget\packages\;C:\Program Files (x86)\Microsoft Visual Studio\Shared\NuGetPackages
                   NuGetPackageRoot = C:\Users\paulm\.nuget\packages\
                   NuGetPackTaskAssemblyFile = NuGet.Build.Tasks.Pack.dll
                   NuGetProjectStyle = PackageReference
                   NuGetPropsFile = C:\Program Files\dotnet\sdk\10.0.201\NuGet.props
                   NuGetRestoreTargets = C:\Program Files\dotnet\sdk\10.0.201\NuGet.targets
                   NugetRoot = C:\Users\paulm\.nuget\packages\microsoft.web.webview2\1.0.2651.64\build\..\
                   NuGetTargetMoniker = .NETCoreApp,Version=v9.0
                   NuGetToolVersion = 7.0.0
                   Nullable = enable
                   NuspecOutputPath = obj\Debug\
                   OnXamlPreCompileErrorTarget = _OnXamlPreCompileError
                   Optimize = false
                   OutDir = bin\x64\Debug\net9.0-windows10.0.22621.0\win-x64\
                   OutputPath = bin\x64\Debug\net9.0-windows10.0.22621.0\win-x64\
                   OutputType = WinExe
                   OverwriteReadOnlyFiles = false
                   PackageAction = _GenerateAppxPackage
                   PackageDescription = Package Description
                   PackageDownloadSupported = true
                   PackageExtPrefix = msix
                   PackageId = Mixr
                   PackageOutputPath = bin\x64\Debug\
                   PackageRequireLicenseAcceptance = false
                   PackageVersion = 1.0.0
                   PackDependsOn = ; _GetRestoreProjectStyle; _IntermediatePack; GenerateNuspec; 
                   PackRelease = true
                   PkgMicrosoft_Web_WebView2 = C:\Users\paulm\.nuget\packages\microsoft.web.webview2\1.0.2651.64
                   PkgMicrosoft_WindowsAppSDK = C:\Users\paulm\.nuget\packages\microsoft.windowsappsdk\1.6.240829007
                   Platform = x64
                   PlatformName = x64
                   Platforms = x64
                   PlatformSpecificBundleArtifactsListDirInProjectDir = C:\Users\paulm\.mainroot\Mixr\Mixr.App\BundleArtifacts\
                   PlatformSpecificBundleArtifactsListDirName = BundleArtifacts
                   PlatformTarget = x64
                   PostBuildEventDependsOn = 
                   PreBuildEventDependsOn = 
                   Prefer32Bit = false
                   PreferNativeArm64 = false
                   Prep_ComputeProcessXamlFilesDependsOn = 
                               GetVCInstallPath;
                               GetXamlCppIncludeDirectories;
                               
                           
                   PrepareForBuildDependsOn = 
                         ;WindowsAppSDKVerifyKitVersion;GetFrameworkPaths;GetReferenceAssemblyPaths;AssignLinkMetadata;
                         _ValidateWindowsPackageType;
                       
                   PrepareForRunDependsOn = 
                         GenerateProjectPriFile;
                         
                         PrepareMsixPackage;
                         
                         CopyFilesToOutputDirectory
                       ;
                       ;
                       
                   PrepareLibraryLayoutDependsOn = 
                               GetPackagingOutputs;
                               
                           
                   PrepareMsixPackageDependsOn = 
                         GenerateProjectPriFile;
                         
                         ;
                         _ValidatePresenceOfAppxManifestItems;
                         GetPackagingOutputs;
                         _GetPackageProperties;
                         _ComputeAppxPackagePayload;
                         _GenerateAppxManifest;
                         _GenerateAppxPackageRecipe;
                       ;
                       
                   PrepareProjectReferencesDependsOn = 
                         AssignProjectConfiguration;
                         _SplitProjectReferencesByFileExistence;
                         _GetProjectReferenceTargetFrameworkProperties;
                         _GetProjectReferencePlatformProperties
                       
                   PrepareResourceNamesDependsOn = 
                         AssignTargetPaths;
                         SplitResourcesByCulture;
                         CreateManifestResourceNames;
                         CreateCustomManifestResourceNames
                       
                   PrepareResourcesDependsOn = 
                         ResolvePackageDependenciesForBuild;
                         _HandlePackageFileConflicts;
                         
                               ResolveKeySource;
                               AddImplicitDefineConstants;
                               MarkupCompilePass1;
                               XamlPreCompile;
                               MarkupCompilePass2;
                               
                         ;
                         PrepareResourceNames;
                         ResGen;
                         CompileLicxFiles
                       
                           
                       
                   PreserveCompilationReferences = 
                   PriGenTargetsDirectory = C:\Users\paulm\.nuget\packages\microsoft.windowsappsdk\1.6.240829007\buildTransitive\
                   ProcessorArchitecture = amd64
                   ProduceReferenceAssembly = true
                   Product = Mixr
                   ProjectAssetsCacheFile = C:\Users\paulm\.mainroot\Mixr\Mixr.App\obj\x64\Debug\net9.0-windows10.0.22621.0\win-x64\Mixr.App.assets.cache
                   ProjectAssetsFile = C:\Users\paulm\.mainroot\Mixr\Mixr.App\obj\project.assets.json
                   ProjectDepsFileName = Mixr.deps.json
                   ProjectDepsFilePath = C:\Users\paulm\.mainroot\Mixr\Mixr.App\bin\x64\Debug\net9.0-windows10.0.22621.0\win-x64\Mixr.deps.json
                   ProjectDesignTimeAssemblyResolutionSearchPaths = 
                         {CandidateAssemblyFiles};
                         ;
                         {HintPathFromItem};
                         {TargetFrameworkDirectory};
                         {Registry:Software\Microsoft\.NETCoreApp,v9.0,AssemblyFoldersEx};
                         {RawFileName};
                         C:\Users\paulm\.mainroot\Mixr\Mixr.App\bin\x64\Debug\net9.0-windows10.0.22621.0\win-x64\
                       
                   ProjectDir = C:\Users\paulm\.mainroot\Mixr\Mixr.App\
                   ProjectExt = .csproj
                   ProjectFileName = Mixr.App.csproj
                   ProjectFlavor = Client
                   ProjectName = Mixr.App
                   ProjectPath = C:\Users\paulm\.mainroot\Mixr\Mixr.App\Mixr.App.csproj
                   ProjectRuntimeConfigFileName = Mixr.runtimeconfig.json
                   ProjectRuntimeConfigFilePath = C:\Users\paulm\.mainroot\Mixr\Mixr.App\bin\x64\Debug\net9.0-windows10.0.22621.0\win-x64\Mixr.runtimeconfig.json
                   ProjectTypeGuids = 9A19103F-16F7-4668-BE54-9A1E7A4F7556
                   PrunePackageDataRoot = C:\Program Files\dotnet\sdk\10.0.201\PrunePackageData
                   PublishableProject = true
                   PublishAppxPackage = false
                   PublishBuildDependsOn = 
                         BuildOnlySettings;
                         PrepareForBuild;
                         ResolveReferences;
                         PrepareResources;
                         ResolveKeySource;
                         GenerateSerializationAssemblies;
                         CreateSatelliteAssemblies;
                       
                   PublishContainerDependsOn = 
                         _ContainerVerifySDKVersion;
                         ComputeContainerConfig;
                         _CheckContainersPackage;
                       
                   PublishDependsOn = 
                         SetGenerateManifests;
                         Build;
                         PublishOnly
                       
                   PublishDir = bin\Debug\net9.0-windows10.0.22621.0\win-x64\publish\
                   PublishDirName = publish
                   PublishDocumentationFile = true
                   PublishDocumentationFiles = true
                   PublishItemsOutputGroupDependsOn = 
                         ;
                         ResolveReferences;
                         ComputeResolvedFilesToPublishList;
                         _ComputeFilesToBundle;
                       
                   PublishOnlyDependsOn = 
                         SetGenerateManifests;
                         PublishBuild;
                         BeforePublish;
                         GenerateManifests;
                         CopyFilesToOutputDirectory;
                         _CopyFilesToPublishFolder;
                         _DeploymentGenerateBootstrapper;
                         ResolveKeySource;
                         _DeploymentSignClickOnceDeployment;
                         AfterPublish
                       
                   PublishProfile = win-x64.pubxml
                   PublishProfileFullPath = C:\Users\paulm\.mainroot\Mixr\Mixr.App\Properties\PublishProfiles\win-x64.pubxml
                   PublishProfileImported = true
                   PublishProfileName = win-x64
                   PublishProtocol = FileSystem
                   PublishReadyToRun = False
                   PublishReadyToRunComposite = false
                   PublishReadyToRunPerfmapFormatVersion = 1
                   PublishReadyToRunUseCrossgen2 = true
                   PublishReadyToRunUseRuntimePackOptimizationData = true
                   PublishReferencesDocumentationFiles = true
                   PublishRelease = true
                   PublishSingleFile = False
                   PublishTrimmed = false
                   RcExeFullPath = C:\Users\paulm\.nuget\packages\microsoft.windows.sdk.buildtools\10.0.22621.756\bin\10.0.22621.0\x64\rc.exe
                   RebuildDependsOn = 
                         _SdkBeforeRebuild;
                         
                         BeforeRebuild;
                         Clean;
                         Build;
                         AfterRebuild;
                       
                       
                   RefAssembliesFolderName = refs
                   ReferenceCopyLocalPathsOutputGroupDependsOn = 
                         ;
                         
                         ;
                         BuildOnlySettings;
                         PrepareForBuild;
                         AssignTargetPaths;
                         ResolveReferences
                       
                       
                   RemoteDeploymentType = CopyToDevice
                   RemoveNonLayoutFiles = False
                   ReportingServicesTargets = C:\Program Files\dotnet\sdk\10.0.201\\Microsoft\VisualStudio\v18.0\ReportingServices\Microsoft.ReportingServices.targets
                   ResGenDependsOn = ResolveAssemblyReferences;SplitResourcesByCulture;BeforeResGen;CoreResGen;AfterResGen
                   ResGenExecuteAsTool = false
                   ResolveAssemblyReferenceOutputUnresolvedAssemblyConflicts = true
                   ResolveAssemblyReferencesDependsOn = 
                         
                         
                         ResolveProjectReferences;
                         FindInvalidProjectReferences;
                         GetFrameworkPaths;
                         GetReferenceAssemblyPaths;
                         PrepareForBuild;
                         ResolveSDKReferences;
                         ExpandSDKReferences;
                       ;
                         ResolvePackageDependenciesForBuild;
                         _HandlePackageFileConflicts;
                       ;
                         ResolveTargetingPackAssets;
                       
                   ResolveNuGetPackages = false
                   ResolvePackageDependenciesForBuildDependsOn = 
                         ResolveLockFileReferences;
                         ResolveLockFileAnalyzers;
                         ResolveLockFileCopyLocalFiles;
                         ResolveRuntimePackAssets;
                         RunProduceContentAssets;
                         IncludeTransitiveProjectReferences
                       
                   ResolveReferencesDependsOn = 
                               
                               
                         BeforeResolveReferences;
                         AssignProjectConfiguration;
                         ResolveProjectReferences;
                         FindInvalidProjectReferences;
                         ResolveNativeReferences;
                         ResolveAssemblyReferences;
                         GenerateBindingRedirects;
                         GenerateBindingRedirectsUpdateAppConfig;
                         ResolveComReferences;
                         AfterResolveReferences
                       ;
                               ImplicitlyExpandTargetFramework;
                               ImplicitlyExpandTargetPlatform
                           ;WindowsAppSDKVerifyCsWinRtVersions
                           
                   ResolveSDKReferencesDependsOn = 
                         GetInstalledSDKLocations
                       
                   RespectAlreadyAssignedItemCulture = true
                   RestoreBuildInParallel = true
                   RestoreContinueOnError = WarnAndContinue
                   RestoreEnablePackagePruning = false
                   RestoreOutputPath = C:\Users\paulm\.mainroot\Mixr\Mixr.App\obj\
                   RestorePackagePruningDefault = false
                   RestoreProjectStyle = PackageReference
                   RestoreRecursive = true
                   RestoreSuccess = True
                   RestoreTaskAssemblyFile = NuGet.Build.Tasks.dll
                   RestoreTool = NuGet
                   RestoreUseSkipNonexistentTargets = true
                   RootNamespace = Mixr_App
                   RoslynAssembliesPath = C:\Program Files\dotnet\sdk\10.0.201\Sdks\Microsoft.NET.Sdk\targets\..\..\..\Roslyn\bincore
                   RoslynCompilerType = Core
                   RoslynCoreAssembliesPath = C:\Program Files\dotnet\sdk\10.0.201\Sdks\Microsoft.NET.Sdk\targets\..\..\..\Roslyn\bincore
                   RoslynTargetsPath = C:\Program Files\dotnet\sdk\10.0.201\Sdks\Microsoft.NET.Sdk\targets\..\..\..\Roslyn
                   RoslynTasksAssembly = C:\Program Files\dotnet\sdk\10.0.201\Sdks\Microsoft.NET.Sdk\targets\..\..\..\Roslyn\Microsoft.Build.Tasks.CodeAnalysis.dll
                   RunArguments = 
                   RunCommand = C:\Users\paulm\.mainroot\Mixr\Mixr.App\bin\x64\Debug\net9.0-windows10.0.22621.0\win-x64\Mixr.exe
                   RunDependsOn = 
                   RunPackageValidationDependsOn = CollectApiCompatInputs;_GetReferencePathFromInnerProjects;
                   RuntimeIdentifier = win-x64
                   RuntimeIdentifierGraphPath = C:\Program Files\dotnet\sdk\10.0.201/PortableRuntimeIdentifierGraph.json
                   RuntimeIdentifiers = win-x64
                   RunWorkingDirectory = 
                   SatelliteDllsProjectOutputGroupDependenciesDependsOn = 
                         ;
                         
                         ;
                         BuildOnlySettings;
                         PrepareForBuild;
                         AssignTargetPaths;
                         ResolveReferences
                       
                       
                   SatelliteDllsProjectOutputGroupDependsOn = ;PrepareForBuild;PrepareResourceNames
                   SdkAnalysisLevel = 10.0.200
                   SDKContainerSupportEnabled = true
                   SDKIdentifier = Windows
                   SDKRedistOutputGroupDependsOn = ResolveSDKReferences;ExpandSDKReferences
                   SDKReferenceDirectoryRoot = C:\Users\paulm\AppData\Local\Microsoft SDKs;C:\Program Files (x86)\Microsoft SDKs
                   SDKReferenceRegistryRoot = Software\Microsoft\Microsoft SDKs
                   SDKReferenceWarnOnMissingMaxPlatformVersion = true
                   SDKVersion = 10.0
                   SelfContained = true
                   SelfContainedIntermediateOutputPath = C:\Users\paulm\.mainroot\Mixr\Mixr.App\obj\x64\Debug\net9.0-windows10.0.22621.0\win-x64\
                   SGenFilesOutputGroupDependenciesDependsOn = 
                         ;
                         
                         ;
                         BuildOnlySettings;
                         PrepareForBuild;
                         AssignTargetPaths;
                         ResolveReferences
                       
                       
                   SGenFilesOutputGroupDependsOn = 
                   SGenShouldGenerateSerializer = true
                   SGenUseKeep = false
                   SGenUseProxyTypes = true
                   ShouldComputeInputPris = true
                   ShouldImportMsixCommonProps = true
                   ShouldImportMsixCsTargets = true
                   ShouldImportMsixDesignTimeTargets = true
                   ShouldImportMsixPackagingTargets = true
                   ShouldMarkCertainSDKReferencesAsRuntimeOnly = true
                   SignAppxPackageExeFullPath = C:\Users\paulm\.nuget\packages\microsoft.windows.sdk.buildtools\10.0.22621.756\bin\10.0.22621.0\x64\signtool.exe
                   SignAssembly = false
                   SignToolArchitecture = x64
                   SignToolPath = bin
                   SkipCopyUnchangedFiles = true
                   SkipImportNuGetBuildTargets = true
                   SkipImportNuGetProps = true
                   SolutionDir = *Undefined*
                   SolutionExt = *Undefined*
                   SolutionFileName = *Undefined*
                   SolutionName = *Undefined*
                   SolutionPath = *Undefined*
                   SourceControlInformationFeatureSupported = true
                   SourceControlManagerUrlTranslationTargets = ;TranslateGitHubUrlsInSourceControlInformation;TranslateGitLabUrlsInSourceControlInformation;TranslateAzureReposGitUrlsInSourceControlInformation;TranslateBitbucketGitUrlsInSourceControlInformation
                   SourceFilesProjectOutputGroupDependsOn = PrepareForBuild;AssignTargetPaths
                   SourceLinkUrlInitializerTargets = ;_InitializeGitHubSourceLinkUrl;_InitializeGitLabSourceLinkUrl;_InitializeAzureReposGitSourceLinkUrl;_InitializeBitbucketGitSourceLinkUrl
                   SourceRootMappedPathsFeatureSupported = true
                   SubsystemVersion = 6.00
                   SupportedOSPlatformVersion = 10.0.17763.0
                   SupportsRoslynComponentVersioning = true
                   SuppressDependenciesWhenPacking = false
                   SymbolPackageFormat = symbols.nupkg
                   TargetCulture = *
                   TargetDeployManifestFileName = Mixr.application
                   TargetDir = C:\Users\paulm\.mainroot\Mixr\Mixr.App\bin\x64\Debug\net9.0-windows10.0.22621.0\win-x64\
                   TargetedFrameworkDir = @(_TargetedFrameworkDirectoryItem)
                   TargetedSDKArchitecture = amd64
                   TargetedSDKConfiguration = Debug
                   TargetExt = .dll
                   TargetFileName = Mixr.dll
                   TargetFramework = net9.0-windows10.0.22621.0
                   TargetFrameworkDirectory = 
                   TargetFrameworkIdentifier = .NETCoreApp
                   TargetFrameworkMoniker = .NETCoreApp,Version=v9.0
                   TargetFrameworkMonikerAssemblyAttributesPath = obj\x64\Debug\net9.0-windows10.0.22621.0\win-x64\.NETCoreApp,Version=v9.0.AssemblyAttributes.cs
                   TargetFrameworkMonikerDisplayName = .NET 9.0
                   TargetFrameworkSDKToolsDirectory = 
                   TargetFrameworkVersion = v9.0
                   TargetLatestRuntimePatch = true
                   TargetName = Mixr
                   TargetPath = C:\Users\paulm\.mainroot\Mixr\Mixr.App\bin\x64\Debug\net9.0-windows10.0.22621.0\win-x64\Mixr.dll
                   TargetPlatformDisplayName = Windows 10.0.22621.0
                   TargetPlatformIdentifier = Windows
                   TargetPlatformMinVersion = 10.0.17763.0
                   TargetPlatformMoniker = Windows,Version=10.0.22621.0
                   TargetPlatformRegistryBase = Software\Microsoft\Microsoft SDKs\Windows
                   TargetPlatformResourceVersion = 10.0.17763.0
                   TargetPlatformSdkPath = 
                   TargetPlatformVersion = 10.0.22621.0
                   TargetRefPath = C:\Users\paulm\.mainroot\Mixr\Mixr.App\obj\x64\Debug\net9.0-windows10.0.22621.0\win-x64\ref\Mixr.dll
                   TargetRuntime = Managed
                   TargetsForTfmSpecificContentInPackage = ;_PackProjectToolValidation
                   TargetsNet9 = true
                   TempCertificateFilePath = obj\x64\Debug\net9.0-windows10.0.22621.0\win-x64\StoreKey_Temp.pfx
                   ToolDepsJsonGeneratorProject = C:\Program Files\dotnet\sdk\10.0.201\Sdks\Microsoft.NET.Sdk\targets\GenerateDeps\GenerateDeps.proj
                   TPVFacadeWinmdPath = C:\Program Files (x86)\Windows Kits\10\UnionMetadata\10.0.22621.0\Facade\Windows.winmd
                   TreatWarningsAsErrors = false
                   TrimDepsJsonLibrariesWithoutAssets = true
                   UapDefaultAssetScale = 200
                   UnmanagedRegistrationDependsOn = 
                   UnmanagedUnregistrationDependsOn = 
                   UnsupportedTargetFrameworkVersion = 11.0
                   UseAppHost = true
                   UseCommonOutputDirectory = false
                   UseDefaultPlatformLookupTables = true
                   UseHostCompilerIfAvailable = true
                   UseMSBuildTestInfrastructure = false
                   UseOSWinMdReferences = false
                   UseRidGraph = false
                   UserProfileRuntimeStorePath = C:\Users\paulm\.dotnet\store
                   UserRuntimeConfig = C:\Users\paulm\.mainroot\Mixr\Mixr.App/runtimeconfig.template.json
                   UseSourcePath = true
                   UseVCMetaManaged = true
                   UseWinUI = true
                   UseWinUITools = true
                   UseXamlCompilerExecutable = true
                   UsingMicrosoftNETSdk = true
                   UsingNETSdkDefaults = true
                   Utf8Output = true
                   ValidateRuntimeIdentifierCompatibility = false
                   VerifyMatchingImplicitPackageVersion = true
                   Version = 1.0.0
                   VersionPrefix = 1.0.0
                   VisualBasicCoreTargetsPath = C:\Program Files\dotnet\sdk\10.0.201\Sdks\Microsoft.NET.Sdk\targets\..\..\..\Roslyn\Microsoft.VisualBasic.Core.targets
                   VisualStudioVersion = 18.0
                   VSTestConsolePath = C:\Program Files\dotnet\sdk\10.0.201\vstest.console.dll
                   VSTestNoBuild = False
                   VSTestTargets = C:\Program Files\dotnet\sdk\10.0.201\\Microsoft.TestPlatform.targets
                   VSTestTaskAssemblyFile = Microsoft.TestPlatform.Build.dll
                   VsTestUseMSBuildOutput = False
                   WarningLevel = 9
                   WarningsAsErrors = ;NU1605;SYSLIB0011
                   WarnOnPackingNonPackableProject = false
                   WebPublishProfileFile = C:\Users\paulm\.mainroot\Mixr\Mixr.App\Properties\PublishProfiles\win-x64.pubxml
                   WebReference_EnableLegacyEventingModel = false
                   WebReference_EnableProperties = true
                   WebReference_EnableSQLTypes = true
                   WebView2DispatchAdapterNamespace = Mixr_App
                   WebView2DispatchAdapterOutputDir = Generated Files\
                   WebView2EnableCsWinRTProjection = true
                   WebView2EnablePropertyPage = true
                   WebView2LoaderPreference = Dynamic
                   WebView2ProjectKind = managed
                   WebView2WinRTWrapSystemTypes = true
                   WindowsAppSdkBootstrapInitialize = false
                   WindowsAppSDKCopyXamlToolingLibs = false
                   WindowsAppSdkFoundation = true
                   WindowsAppSDKFrameworkPackage = false
                   WindowsAppSDKFrameworkPackageReference = false
                   WindowsAppSDKSelfContained = true
                   WindowsAppSdkUndockedRegFreeWinRTInitialize = true
                   WindowsAppSdkUndockedRegFreeWinRTInitializeLoadLibrary = true
                   WindowsKitsPath = WinUI-Projects-Don-t-Use-SDK-Xaml-Tools
                   WindowsPackageType = MSIX
                   WindowsSDK_ExecutablePath_x64 = C:\Users\paulm\.nuget\packages\microsoft.windows.sdk.buildtools\10.0.22621.756\bin\10.0.22621.0\x64;
                   WindowsSDK_ExecutablePath_x86 = C:\Users\paulm\.nuget\packages\microsoft.windows.sdk.buildtools\10.0.22621.756\bin\10.0.22621.0\x86;
                   WindowsSDKBuildToolsArchFolder = x64
                   WindowsSDKBuildToolsBinFolder = C:\Users\paulm\.nuget\packages\microsoft.windows.sdk.buildtools\10.0.22621.756\bin
                   WindowsSDKBuildToolsBinVersionedArchFolder = C:\Users\paulm\.nuget\packages\microsoft.windows.sdk.buildtools\10.0.22621.756\bin\10.0.22621.0\x64
                   WindowsSDKBuildToolsBinVersionedFolder = C:\Users\paulm\.nuget\packages\microsoft.windows.sdk.buildtools\10.0.22621.756\bin\10.0.22621.0
                   WindowsSDKBuildToolsRootFolder = C:\Users\paulm\.nuget\packages\microsoft.windows.sdk.buildtools\10.0.22621.756
                   WindowsSDKBuildToolsVersion = 10.0.22621.0
                   WindowsSdkPackageVersion = 10.0.22621.38
                   WindowsSdkPath = C:\Program Files (x86)\Windows Kits\10\
                   WindowsSDKSchemasFolder = C:\Users\paulm\.nuget\packages\microsoft.windows.sdk.buildtools\10.0.22621.756\schemas\10.0.22621.0
                   WindowsSDKWinRTSchemasFolder = C:\Users\paulm\.nuget\packages\microsoft.windows.sdk.buildtools\10.0.22621.756\schemas\10.0.22621.0\winrt
                   WinUISDKReferences = false
                   WinUITargetsDirectory = C:\Users\paulm\.nuget\packages\microsoft.windowsappsdk\1.6.240829007\buildTransitive\
                   WMSJSProject = WJProject
                   WMSJSProjectDirectory = JavaScript
                   WV2WinRTDisallowEmptyAdapter = true
                   WV2WinRTExe = C:\Users\paulm\.nuget\packages\microsoft.web.webview2\1.0.2651.64\build\..\tools\wv2winrt\wv2winrt.exe
                   WV2WinRTIgnoreWebHostHiddenAttribute = false
                   WV2WinRTParametersResponseFile = wv2winrt_params.rsp
                   WV2WinRTPath = C:\Users\paulm\.nuget\packages\microsoft.web.webview2\1.0.2651.64\build\..\tools\wv2winrt\
                   WV2WinRTPlatformReferencesLevel = match
                   WV2WinRTRequireAllowForWebAttribute = false
                   WV2WinRTSkipMakeProjections = false
                   WV2WinRTVerbosity = normal
                   WV2WinRTWinMDInputsResponseFile = wv2winrt_inputs.rsp
                   XamlCompilerExePath = C:\Users\paulm\.nuget\packages\microsoft.windowsappsdk\1.6.240829007\buildTransitive\..\tools\net6.0\..\net472\XamlCompiler.exe
                   XamlCompilerJsonTaskPath = C:\Users\paulm\.nuget\packages\microsoft.windowsappsdk\1.6.240829007\buildTransitive\..\tools\net6.0\Microsoft.UI.Xaml.Markup.Compiler.IO.dll
                   XamlCompilerPropsAndTargetsDirectory = C:\Users\paulm\.nuget\packages\microsoft.windowsappsdk\1.6.240829007\buildTransitive\
                   XamlCompilerTaskPath = C:\Users\paulm\.nuget\packages\microsoft.windowsappsdk\1.6.240829007\buildTransitive\..\tools\net6.0\Microsoft.UI.Xaml.Markup.Compiler.dll
                   XAMLFingerprint = true
                   XAMLFingerprintIgnorePaths = 
                               @(ReferenceAssemblyPaths);
                               C:\Program Files (x86)\Windows Kits\10\
                           
                   XamlGeneratedOutputPath = obj\x64\Debug\net9.0-windows10.0.22621.0\win-x64\
                   XamlLanguage = C#
                   XamlNamespace = Microsoft.UI.Xaml
                   XamlProjectName = Mixr.App
                   XamlSavedStateFileName = XamlSaveStateFile.xml
                   XamlSavedStateFilePath = obj\x64\Debug\net9.0-windows10.0.22621.0\win-x64\\XamlSaveStateFile.xml
                   YieldDuringToolExecution = true

20:41:47.009     0>Initial Items:
                   _AllDirectoriesAbove
                       C:\
                       C:\Users
                       C:\Users\paulm
                       C:\Users\paulm\.mainroot
                       C:\Users\paulm\.mainroot\Mixr
                       C:\Users\paulm\.mainroot\Mixr\Mixr.App
                       C:\Users\paulm\.mainroot\Mixr\Mixr.App\Converters
                       C:\Users\paulm\.mainroot\Mixr\Mixr.App\Pages
                       C:\Users\paulm\.mainroot\Mixr\Mixr.App\Services
                   _ApplicationManifestFinal
                       bin\x64\Debug\net9.0-windows10.0.22621.0\win-x64\Mixr.dll.manifest
                           TargetPath = Mixr.dll.manifest
                   _DebugSymbolsIntermediatePath
                       obj\x64\Debug\net9.0-windows10.0.22621.0\win-x64\Mixr.pdb
                   _DebugSymbolsOutputPath
                       bin\x64\Debug\net9.0-windows10.0.22621.0\win-x64\Mixr.pdb
                   _DeploymentManifestEntryPoint
                       obj\x64\Debug\net9.0-windows10.0.22621.0\win-x64\Mixr.dll
                           TargetPath = Mixr.dll
                   _EolNetCoreTargetFrameworkVersions
                       1.0
                       1.1
                       2.0
                       2.1
                       2.2
                       3.0
                       3.1
                       5.0
                       6.0
                       7.0
                   _ExcludedKnownRuntimeIdentiferPlatforms
                       rhel.6
                       rhel.6
                       rhel.6
                       rhel.6
                       rhel.6
                       rhel.6
                       rhel.6
                       rhel.6
                       rhel.6
                       rhel.6
                       rhel.6
                       rhel.6
                       rhel.6
                       rhel.6
                       rhel.6
                       rhel.6
                       rhel.6
                       tizen.4.0.0
                       tizen.4.0.0
                       tizen.4.0.0
                       tizen.4.0.0
                       tizen.4.0.0
                       tizen.4.0.0
                       tizen.4.0.0
                       tizen.4.0.0
                       tizen.4.0.0
                       tizen.4.0.0
                       tizen.4.0.0
                       tizen.4.0.0
                       tizen.4.0.0
                       tizen.4.0.0
                       tizen.4.0.0
                       tizen.4.0.0
                       tizen.4.0.0
                       tizen.4.0.0
                       tizen.4.0.0
                       tizen.4.0.0
                       tizen.4.0.0
                       tizen.4.0.0
                       tizen.4.0.0
                       tizen.4.0.0
                       tizen.4.0.0
                       tizen.4.0.0
                       tizen.4.0.0
                       tizen.4.0.0
                       tizen.4.0.0
                       tizen.4.0.0
                       tizen.4.0.0
                       tizen.4.0.0
                       tizen.4.0.0
                       tizen.4.0.0
                       tizen.4.0.0
                       tizen.4.0.0
                       tizen.4.0.0
                       tizen.4.0.0
                       tizen.4.0.0
                       tizen.5.0.0
                       tizen.5.0.0
                       tizen.5.0.0
                       tizen.5.0.0
                       tizen.5.0.0
                       tizen.5.0.0
                       tizen.5.0.0
                       tizen.5.0.0
                       tizen.5.0.0
                       tizen.5.0.0
                       tizen.5.0.0
                       tizen.5.0.0
                       tizen.5.0.0
                       tizen.5.0.0
                       tizen.5.0.0
                       tizen.5.0.0
                       tizen.5.0.0
                       tizen.5.0.0
                       tizen.5.0.0
                       tizen.5.0.0
                       tizen.5.0.0
                       tizen.5.0.0
                       tizen.5.0.0
                       tizen.5.0.0
                       tizen.5.0.0
                       tizen.5.0.0
                       tizen.5.0.0
                       tizen.5.0.0
                       tizen.5.0.0
                       tizen.5.0.0
                       tizen.5.0.0
                       tizen.5.0.0
                       tizen.5.0.0
                       tizen.5.0.0
                       tizen.5.0.0
                       tizen.5.0.0
                       tizen.5.0.0
                       tizen.5.0.0
                       tizen.5.0.0
                   _KnownRuntimeIdentiferPlatforms
                       any
                       any
                       any
                       any
                       any
                       any
                       any
                       any
                       any
                       any
                       any
                       any
                       any
                       any
                       any
                       any
                       any
                       any
                       any
                       any
                       any
                       any
                       any
                       any
                       any
                       any
                       any
                       any
                       any
                       any
                       any
                       any
                       any
                       any
                       any
                       any
                       any
                       any
                       aot
                       aot
                       aot
                       aot
                       aot
                       aot
                       aot
                       aot
                       aot
                       aot
                       aot
                       aot
                       aot
                       aot
                       aot
                       aot
                       aot
                       aot
                       aot
                       aot
                       aot
                       aot
                       aot
                       aot
                       aot
                       aot
                       aot
                       aot
                       aot
                       aot
                       aot
                       aot
                       aot
                       aot
                       aot
                       aot
                       aot
                       aot
                       freebsd
                       freebsd
                       freebsd
                       freebsd
                       freebsd
                       freebsd
                       freebsd
                       freebsd
                       freebsd
                       freebsd
                       freebsd
                       freebsd
                       freebsd
                       freebsd
                       freebsd
                       freebsd
                       freebsd
                       freebsd
                       freebsd
                       freebsd
                       freebsd
                       freebsd
                       freebsd
                       freebsd
                       freebsd
                       freebsd
                       freebsd
                       freebsd
                       freebsd
                       freebsd
                       freebsd
                       freebsd
                       freebsd
                       freebsd
                       freebsd
                       freebsd
                       freebsd
                       freebsd
                       illumos
                       illumos
                       illumos
                       illumos
                       illumos
                       illumos
                       illumos
                       illumos
                       illumos
                       illumos
                       illumos
                       illumos
                       illumos
                       illumos
                       illumos
                       illumos
                       illumos
                       illumos
                       illumos
                       illumos
                       illumos
                       illumos
                       illumos
                       illumos
                       illumos
                       illumos
                       illumos
                       illumos
                       illumos
                       illumos
                       illumos
                       illumos
                       illumos
                       illumos
                       illumos
                       illumos
                       illumos
                       illumos
                       solaris
                       solaris
                       solaris
                       solaris
                       solaris
                       solaris
                       solaris
                       solaris
                       solaris
                       solaris
                       solaris
                       solaris
                       solaris
                       solaris
                       solaris
                       solaris
                       solaris
                       solaris
                       solaris
                       solaris
                       solaris
                       solaris
                       solaris
                       solaris
                       solaris
                       solaris
                       solaris
                       solaris
                       solaris
                       solaris
                       solaris
                       solaris
                       solaris
                       solaris
                       solaris
                       solaris
                       solaris
                       solaris
                       unix
                       unix
                       unix
                       unix
                       unix
                       unix
                       unix
                       unix
                       unix
                       unix
                       unix
                       unix
                       unix
                       unix
                       unix
                       unix
                       unix
                       unix
                       unix
                       unix
                       unix
                       unix
                       unix
                       unix
                       unix
                       unix
                       unix
                       unix
                       unix
                       unix
                       unix
                       unix
                       unix
                       unix
                       unix
                       unix
                       unix
                       unix
                   _NormalizedWindowsSdkSupportedTargetPlatformVersion
                       10.0.17763.0
                           WindowsSdkPackageVersion = 10.0.17763.57
                           MinimumNETVersion = 8.0
                       10.0.17763.0
                           WindowsSdkPackageVersion = 10.0.17763.55
                           MinimumNETVersion = 6.0
                       10.0.17763.0
                           WindowsSdkPackageVersion = 10.0.17763.26
                           MinimumNETVersion = 5.0
                       10.0.17763.1
                           NormalizedSupportedTargetPlatformVersion = 10.0.17763.0
                           WindowsSdkPackageVersion = 10.0.17763.57
                           MinimumNETVersion = 10.0
                       10.0.18362.0
                           WindowsSdkPackageVersion = 10.0.18362.55
                           MinimumNETVersion = 6.0
                       10.0.18362.0
                           WindowsSdkPackageVersion = 10.0.18362.57
                           MinimumNETVersion = 8.0
                       10.0.18362.0
                           WindowsSdkPackageVersion = 10.0.18362.26
                           MinimumNETVersion = 5.0
                       10.0.18362.1
                           NormalizedSupportedTargetPlatformVersion = 10.0.18362.0
                           WindowsSdkPackageVersion = 10.0.18362.57
                           MinimumNETVersion = 10.0
                       10.0.19041.0
                           WindowsSdkPackageVersion = 10.0.19041.55
                           MinimumNETVersion = 6.0
                       10.0.19041.0
                           WindowsSdkPackageVersion = 10.0.19041.26
                           MinimumNETVersion = 5.0
                       10.0.19041.0
                           WindowsSdkPackageVersion = 10.0.19041.57
                           MinimumNETVersion = 8.0
                       10.0.19041.1
                           NormalizedSupportedTargetPlatformVersion = 10.0.19041.0
                           WindowsSdkPackageVersion = 10.0.19041.57
                           MinimumNETVersion = 10.0
                       10.0.20348.0
                           WindowsSdkPackageVersion = 10.0.20348.55
                           MinimumNETVersion = 6.0
                       10.0.20348.0
                           WindowsSdkPackageVersion = 10.0.20348.26
                           MinimumNETVersion = 5.0
                       10.0.20348.0
                           WindowsSdkPackageVersion = 10.0.20348.57
                           MinimumNETVersion = 8.0
                       10.0.20348.1
                           NormalizedSupportedTargetPlatformVersion = 10.0.20348.0
                           WindowsSdkPackageVersion = 10.0.20348.57
                           MinimumNETVersion = 10.0
                       10.0.22000.0
                           WindowsSdkPackageVersion = 10.0.22000.57
                           MinimumNETVersion = 8.0
                       10.0.22000.0
                           WindowsSdkPackageVersion = 10.0.22000.55
                           MinimumNETVersion = 6.0
                       10.0.22000.0
                           WindowsSdkPackageVersion = 10.0.22000.26
                           MinimumNETVersion = 5.0
                       10.0.22000.1
                           NormalizedSupportedTargetPlatformVersion = 10.0.22000.0
                           WindowsSdkPackageVersion = 10.0.22000.57
                           MinimumNETVersion = 10.0
                       10.0.22621.0
                           WindowsSdkPackageVersion = 10.0.22621.57
                           MinimumNETVersion = 8.0
                       10.0.22621.0
                           WindowsSdkPackageVersion = 10.0.22621.55
                           MinimumNETVersion = 6.0
                       10.0.22621.1
                           NormalizedSupportedTargetPlatformVersion = 10.0.22621.0
                           WindowsSdkPackageVersion = 10.0.22621.57
                           MinimumNETVersion = 10.0
                       10.0.26100.0
                           WindowsSdkPackageVersion = 10.0.26100.55
                           MinimumNETVersion = 6.0
                       10.0.26100.0
                           WindowsSdkPackageVersion = 10.0.26100.57
                           MinimumNETVersion = 8.0
                       10.0.26100.1
                           NormalizedSupportedTargetPlatformVersion = 10.0.26100.0
                           WindowsSdkPackageVersion = 10.0.26100.57
                           MinimumNETVersion = 10.0
                       7.0
                       8.0
                   _OutputPathItem
                       bin\x64\Debug\net9.0-windows10.0.22621.0\win-x64\
                   _ResolveComReferenceCache
                       obj\x64\Debug\net9.0-windows10.0.22621.0\win-x64\Mixr.App.csproj.ResolveComReference.cache
                   _UnmanagedRegistrationCache
                       obj\Mixr.App.csproj.UnmanagedRegistration.cache
                   AdditionalProbingPath
                       C:\Users\paulm\.dotnet\store\|arch|\|tfm|
                   AdditionalTargetFrameworkInfoProperty
                       _IsExecutable
                       _SelfContainedWasSpecified
                       IsRidAgnostic
                       SelfContained
                       ShouldBeValidatedAsExecutableReference
                   Analyzer
                       C:\Program Files\dotnet\sdk\10.0.201\Sdks\Microsoft.NET.Sdk\targets\..\analyzers\Microsoft.CodeAnalysis.CSharp.NetAnalyzers.dll
                           IsImplicitlyDefined = true
                       C:\Program Files\dotnet\sdk\10.0.201\Sdks\Microsoft.NET.Sdk\targets\..\analyzers\Microsoft.CodeAnalysis.NetAnalyzers.dll
                           IsImplicitlyDefined = true
                   AppConfigFileDestination
                       bin\x64\Debug\net9.0-windows10.0.22621.0\win-x64\Mixr.dll.config
                   ApplicationDefinition
                       App.xaml
                           Generator = MSBuild:Compile
                           XamlRuntime = WinUI
                   ApplicationManifest
                       obj\x64\Debug\net9.0-windows10.0.22621.0\win-x64\Mixr.dll.manifest
                           TargetPath = Mixr.dll.manifest
                   AppxManifest
                       Package.appxmanifest
                           SubType = Designer
                   AppxManifestMetadata
                       C:\Users\paulm\.nuget\packages\microsoft.windowsappsdk\1.6.240829007\buildTransitive\..\tools\net6.0\..\net472\XamlCompiler.exe
                   BuiltProjectOutputGroupKeyOutput
                       C:\Users\paulm\.mainroot\Mixr\Mixr.App\obj\x64\Debug\net9.0-windows10.0.22621.0\win-x64\Mixr.dll
                           IsKeyOutput = true
                           FinalOutputPath = C:\Users\paulm\.mainroot\Mixr\Mixr.App\bin\x64\Debug\net9.0-windows10.0.22621.0\win-x64\Mixr.dll
                           TargetPath = Mixr.dll
                   ClsidMap
                       obj\x64\Debug\net9.0-windows10.0.22621.0\win-x64\Mixr.clsidmap
                   Compile
                       App.xaml.cs
                       AppLog.cs
                       Converters\BoolToVisibilityConverter.cs
                       MainWindow.xaml.cs
                       Pages\AboutPage.xaml.cs
                       Pages\DashboardPage.xaml.cs
                       Pages\HardwareMapPage.xaml.cs
                       Pages\SettingsPage.xaml.cs
                       Pages\SliderMappingPage.xaml.cs
                       Pages\SliderMappingViewModels.cs
                       Program.cs
                       Services\GameCatalogCoordinator.cs
                       Services\GameCatalogPaths.cs
                       Services\GameCatalogStore.cs
                       Services\GameMetadataEnricher.cs
                       Services\SessionGroupsBootstrap.cs
                       Services\SteamLibraryScanner.cs
                       StartupRegistration.cs
                   CompilerVisibleProperty
                       _SupportedPlatformList
                       CsWinRTAotExportsEnabled
                       CsWinRTAotOptimizerEnabled
                       CsWinRTAotWarningLevel
                       CsWinRTCcwLookupTableGeneratorEnabled
                       CsWinRTMergeReferencedActivationFactories
                       CsWinRTRcwFactoryFallbackGeneratorForceOptIn
                       CsWinRTRcwFactoryFallbackGeneratorForceOptOut
                       CsWinRTUseWindowsUIXamlProjections
                       EnableComHosting
                       EnableGeneratedComInterfaceComImportInterop
                       EnforceExtendedAnalyzerRules
                       InvariantGlobalization
                       PlatformNeutralAssembly
                       ProjectDir
                       ProjectTypeGuids
                       RootNamespace
                       TargetFramework
                       TargetFrameworkIdentifier
                       TargetFrameworkVersion
                       TargetPlatformMinVersion
                       UsingMicrosoftNETSdkWeb
                   Content
                       Assets\AppIcon.ico
                       Assets\AppIcon.ico
                       Assets\LockScreenLogo.scale-200.png
                       Assets\LockScreenLogo.scale-200.png
                       Assets\Mixr-Modell.svg
                       Assets\Mixr-Modell.svg
                       Assets\SplashScreen.scale-200.png
                       Assets\SplashScreen.scale-200.png
                       Assets\Square150x150Logo.scale-200.png
                       Assets\Square150x150Logo.scale-200.png
                       Assets\Square44x44Logo.scale-200.png
                       Assets\Square44x44Logo.scale-200.png
                       Assets\Square44x44Logo.targetsize-24_altform-unplated.png
                       Assets\Square44x44Logo.targetsize-24_altform-unplated.png
                       Assets\StoreLogo.png
                       Assets\StoreLogo.png
                       Assets\Wide310x150Logo.scale-200.png
                       Assets\Wide310x150Logo.scale-200.png
                       C:\Users\paulm\.nuget\packages\microsoft.web.webview2\1.0.2651.64\build\\..\runtimes\win-x64\native\WebView2Loader.dll
                           IncludeInVsix = true
                           PublishState = Included
                           CopyToOutputDirectory = PreserveNewest
                           Link = runtimes\win-x64\native\WebView2Loader.dll
                           Visible = False
                           Pack = false
                   CopyUpToDateMarker
                       C:\Users\paulm\.mainroot\Mixr\Mixr.App\obj\x64\Debug\net9.0-windows10.0.22621.0\win-x64\Mixr.App.csproj.Up2Date
                   CreateDirectory
                       C:\Users\paulm\.mainroot\Mixr\Mixr.App\obj\x64\Debug\net9.0-windows10.0.22621.0\win-x64\refint\
                       obj\x64\Debug\net9.0-windows10.0.22621.0\win-x64\ref
                   CsWinRTInputs
                       C:\Users\paulm\.nuget\packages\microsoft.windowsappsdk\1.6.240829007\buildTransitive\..\lib\uap10.0.18362\Microsoft.Foundation.winmd
                       C:\Users\paulm\.nuget\packages\microsoft.windowsappsdk\1.6.240829007\buildTransitive\..\lib\uap10.0.18362\Microsoft.Graphics.winmd
                       C:\Users\paulm\.nuget\packages\microsoft.windowsappsdk\1.6.240829007\buildTransitive\..\lib\uap10.0.18362\Microsoft.UI.winmd
                       C:\Users\paulm\.nuget\packages\microsoft.windowsappsdk\1.6.240829007\buildTransitive\..\lib\uap10.0\Microsoft.UI.Text.winmd
                       C:\Users\paulm\.nuget\packages\microsoft.windowsappsdk\1.6.240829007\buildTransitive\..\lib\uap10.0\Microsoft.UI.Xaml.winmd
                       C:\Users\paulm\.nuget\packages\microsoft.windowsappsdk\1.6.240829007\buildTransitive\..\lib\uap10.0\Microsoft.Windows.ApplicationModel.DynamicDependency.winmd
                       C:\Users\paulm\.nuget\packages\microsoft.windowsappsdk\1.6.240829007\buildTransitive\..\lib\uap10.0\Microsoft.Windows.ApplicationModel.Resources.winmd
                       C:\Users\paulm\.nuget\packages\microsoft.windowsappsdk\1.6.240829007\buildTransitive\..\lib\uap10.0\Microsoft.Windows.ApplicationModel.WindowsAppRuntime.winmd
                       C:\Users\paulm\.nuget\packages\microsoft.windowsappsdk\1.6.240829007\buildTransitive\..\lib\uap10.0\Microsoft.Windows.AppLifecycle.winmd
                       C:\Users\paulm\.nuget\packages\microsoft.windowsappsdk\1.6.240829007\buildTransitive\..\lib\uap10.0\Microsoft.Windows.AppNotifications.Builder.winmd
                       C:\Users\paulm\.nuget\packages\microsoft.windowsappsdk\1.6.240829007\buildTransitive\..\lib\uap10.0\Microsoft.Windows.AppNotifications.winmd
                       C:\Users\paulm\.nuget\packages\microsoft.windowsappsdk\1.6.240829007\buildTransitive\..\lib\uap10.0\Microsoft.Windows.Globalization.winmd
                       C:\Users\paulm\.nuget\packages\microsoft.windowsappsdk\1.6.240829007\buildTransitive\..\lib\uap10.0\Microsoft.Windows.Management.Deployment.winmd
                       C:\Users\paulm\.nuget\packages\microsoft.windowsappsdk\1.6.240829007\buildTransitive\..\lib\uap10.0\Microsoft.Windows.PushNotifications.winmd
                       C:\Users\paulm\.nuget\packages\microsoft.windowsappsdk\1.6.240829007\buildTransitive\..\lib\uap10.0\Microsoft.Windows.Security.AccessControl.winmd
                       C:\Users\paulm\.nuget\packages\microsoft.windowsappsdk\1.6.240829007\buildTransitive\..\lib\uap10.0\Microsoft.Windows.Storage.winmd
                       C:\Users\paulm\.nuget\packages\microsoft.windowsappsdk\1.6.240829007\buildTransitive\..\lib\uap10.0\Microsoft.Windows.System.Power.winmd
                       C:\Users\paulm\.nuget\packages\microsoft.windowsappsdk\1.6.240829007\buildTransitive\..\lib\uap10.0\Microsoft.Windows.System.winmd
                       C:\Users\paulm\.nuget\packages\microsoft.windowsappsdk\1.6.240829007\buildTransitive\..\lib\uap10.0\Microsoft.Windows.Widgets.winmd
                   CustomAdditionalCompileInputs
                       MainWindow.xaml
                           Generator = MSBuild:Compile
                           XamlRuntime = WinUI
                       Pages\AboutPage.xaml
                           Generator = MSBuild:Compile
                           XamlRuntime = WinUI
                       Pages\DashboardPage.xaml
                           Generator = MSBuild:Compile
                           XamlRuntime = WinUI
                       Pages\HardwareMapPage.xaml
                           Generator = MSBuild:Compile
                           XamlRuntime = WinUI
                       Pages\SettingsPage.xaml
                           Generator = MSBuild:Compile
                           XamlRuntime = WinUI
                       Pages\SliderMappingPage.xaml
                           Generator = MSBuild:Compile
                           XamlRuntime = WinUI
                       Theme\MixrTheme.xaml
                           Generator = MSBuild:Compile
                           XamlRuntime = WinUI
                   DebugSymbolsProjectOutputGroupOutput
                       C:\Users\paulm\.mainroot\Mixr\Mixr.App\obj\x64\Debug\net9.0-windows10.0.22621.0\win-x64\Mixr.pdb
                           FinalOutputPath = C:\Users\paulm\.mainroot\Mixr\Mixr.App\bin\x64\Debug\net9.0-windows10.0.22621.0\win-x64\Mixr.pdb
                           TargetPath = Mixr.pdb
                   DeployManifest
                       obj\x64\Debug\net9.0-windows10.0.22621.0\win-x64\Mixr.application
                           TargetPath = Mixr.application
                   EmbedInBinlog
                       C:\Users\paulm\.mainroot\Mixr\Mixr.App\obj\project.assets.json
                   FrameworkReference
                       Microsoft.NETCore.App
                           IsImplicitlyDefined = true
                           PrivateAssets = All
                           Pack = false
                       Microsoft.Windows.SDK.NET.Ref.Windows
                           IsImplicitlyDefined = true
                           PrivateAssets = All
                           Pack = false
                   GenerateRuntimeConfigurationFilesInputs
                       C:\Users\paulm\.mainroot\Mixr\Mixr.App\obj\project.assets.json
                       C:\Users\paulm\.mainroot\Mixr\Mixr.App\obj\x64\Debug\net9.0-windows10.0.22621.0\win-x64\Mixr.App.assets.cache
                   GlobalAnalyzerConfigFiles
                       C:\.globalconfig
                       C:\Users\.globalconfig
                       C:\Users\paulm\.globalconfig
                       C:\Users\paulm\.mainroot\.globalconfig
                       C:\Users\paulm\.mainroot\Mixr\.globalconfig
                       C:\Users\paulm\.mainroot\Mixr\Mixr.App\.globalconfig
                       C:\Users\paulm\.mainroot\Mixr\Mixr.App\Converters\.globalconfig
                       C:\Users\paulm\.mainroot\Mixr\Mixr.App\Pages\.globalconfig
                       C:\Users\paulm\.mainroot\Mixr\Mixr.App\Services\.globalconfig
                   ImplicitPackageReferenceVersion
                       Microsoft.AspNetCore.All
                           LatestVersion = 2.1.30
                           DefaultVersion = 2.1.1
                           TargetFrameworkVersion = 2.1
                       Microsoft.AspNetCore.All
                           LatestVersion = 2.2.8
                           DefaultVersion = 2.2.0
                           TargetFrameworkVersion = 2.2
                       Microsoft.AspNetCore.App
                           LatestVersion = 2.1.30
                           DefaultVersion = 2.1.1
                           TargetFrameworkVersion = 2.1
                       Microsoft.AspNetCore.App
                           LatestVersion = 2.2.8
                           DefaultVersion = 2.2.0
                           TargetFrameworkVersion = 2.2
                       Microsoft.NETCore.App
                           LatestVersion = 1.0.16
                           DefaultVersion = 1.0.5
                           TargetFrameworkVersion = 1.0
                       Microsoft.NETCore.App
                           LatestVersion = 1.1.13
                           DefaultVersion = 1.1.2
                           TargetFrameworkVersion = 1.1
                       Microsoft.NETCore.App
                           LatestVersion = 2.0.9
                           DefaultVersion = 2.0.0
                           TargetFrameworkVersion = 2.0
                       Microsoft.NETCore.App
                           LatestVersion = 2.1.30
                           DefaultVersion = 2.1.0
                           TargetFrameworkVersion = 2.1
                       Microsoft.NETCore.App
                           LatestVersion = 2.2.8
                           DefaultVersion = 2.2.0
                           TargetFrameworkVersion = 2.2
                   IntermediateAssembly
                       obj\x64\Debug\net9.0-windows10.0.22621.0\win-x64\Mixr.dll
                   IntermediateRefAssembly
                       obj\x64\Debug\net9.0-windows10.0.22621.0\win-x64\refint\Mixr.dll
                   KnownAppHostPack
                       Microsoft.NETCore.App
                           ExcludedRuntimeIdentifiers = android
                           AppHostRuntimeIdentifiers = linux-arm;linux-arm64;linux-musl-arm64;linux-musl-x64;linux-x64;osx-x64;tizen.4.0.0-armel;tizen.5.0.0-armel;win-arm64;win-x64;win-x86;linux-musl-arm;osx-arm64;linux-s390x;linux-loongarch64;linux-bionic-arm;linux-bionic-arm64;linux-bionic-x64;linux-bionic-x86;linux-ppc64le;freebsd-x64;freebsd-arm64;linux-riscv64;linux-musl-riscv64;linux-musl-loongarch64
                           TargetFramework = net10.0
                           AppHostPackNamePattern = Microsoft.NETCore.App.Host.**RID**
                           AppHostPackVersion = 10.0.5
                       Microsoft.NETCore.App
                           ExcludedRuntimeIdentifiers = android
                           AppHostRuntimeIdentifiers = linux-arm;linux-arm64;linux-musl-arm64;linux-musl-x64;linux-x64;osx-x64;tizen.4.0.0-armel;tizen.5.0.0-armel;win-arm64;win-x64;win-x86;linux-musl-arm;osx-arm64;linux-s390x;linux-loongarch64;linux-bionic-arm;linux-bionic-arm64;linux-bionic-x64;linux-bionic-x86;linux-ppc64le;freebsd-x64;freebsd-arm64;linux-riscv64;linux-musl-riscv64;linux-musl-loongarch64
                           TargetFramework = net9.0
                           AppHostPackNamePattern = Microsoft.NETCore.App.Host.**RID**
                           AppHostPackVersion = 9.0.14
                       Microsoft.NETCore.App
                           ExcludedRuntimeIdentifiers = android
                           AppHostRuntimeIdentifiers = linux-arm;linux-arm64;linux-musl-arm64;linux-musl-x64;linux-x64;osx-x64;tizen.4.0.0-armel;tizen.5.0.0-armel;win-arm64;win-x64;win-x86;linux-musl-arm;osx-arm64;linux-s390x;linux-loongarch64;linux-bionic-arm;linux-bionic-arm64;linux-bionic-x64;linux-bionic-x86;linux-ppc64le;freebsd-x64;freebsd-arm64
                           TargetFramework = net8.0
                           AppHostPackNamePattern = Microsoft.NETCore.App.Host.**RID**
                           AppHostPackVersion = 8.0.25
                       Microsoft.NETCore.App
                           ExcludedRuntimeIdentifiers = android
                           AppHostRuntimeIdentifiers = linux-arm;linux-arm64;linux-musl-arm64;linux-musl-x64;linux-x64;osx-x64;tizen.4.0.0-armel;tizen.5.0.0-armel;win-arm;win-arm64;win-x64;win-x86;linux-musl-arm;osx-arm64;linux-s390x;linux-loongarch64;linux-bionic-arm;linux-bionic-arm64;linux-bionic-x64;linux-bionic-x86;linux-ppc64le
                           TargetFramework = net7.0
                           AppHostPackNamePattern = Microsoft.NETCore.App.Host.**RID**
                           AppHostPackVersion = 7.0.20
                       Microsoft.NETCore.App
                           ExcludedRuntimeIdentifiers = android
                           AppHostRuntimeIdentifiers = linux-arm;linux-arm64;linux-musl-arm64;linux-musl-x64;linux-x64;osx-x64;tizen.4.0.0-armel;tizen.5.0.0-armel;win-arm;win-arm64;win-x64;win-x86;linux-musl-arm;osx-arm64;linux-s390x;linux-loongarch64
                           TargetFramework = net6.0
                           AppHostPackNamePattern = Microsoft.NETCore.App.Host.**RID**
                           AppHostPackVersion = 6.0.36
                       Microsoft.NETCore.App
                           AppHostRuntimeIdentifiers = linux-arm;linux-arm64;linux-musl-arm64;linux-musl-x64;linux-x64;osx-x64;tizen.4.0.0-armel;tizen.5.0.0-armel;win-arm;win-arm64;win-x64;win-x86;linux-musl-arm
                           TargetFramework = net5.0
                           AppHostPackNamePattern = Microsoft.NETCore.App.Host.**RID**
                           AppHostPackVersion = 5.0.17
                       Microsoft.NETCore.App
                           AppHostRuntimeIdentifiers = linux-arm;linux-arm64;linux-musl-arm64;linux-musl-x64;linux-x64;osx-x64;tizen.4.0.0-armel;tizen.5.0.0-armel;win-arm;win-arm64;win-x64;win-x86
                           TargetFramework = netcoreapp3.1
                           AppHostPackNamePattern = Microsoft.NETCore.App.Host.**RID**
                           AppHostPackVersion = 3.1.32
                       Microsoft.NETCore.App
                           AppHostRuntimeIdentifiers = linux-arm;linux-arm64;linux-musl-arm64;linux-musl-x64;linux-x64;osx-x64;tizen.4.0.0-armel;tizen.5.0.0-armel;win-arm;win-arm64;win-x64;win-x86
                           TargetFramework = netcoreapp3.0
                           AppHostPackNamePattern = Microsoft.NETCore.App.Host.**RID**
                           AppHostPackVersion = 3.0.3
                   KnownAspNetCorePack
                       Microsoft.AspNetCore.App.Internal.Assets
                           TargetFramework = net10.0
                           AspNetCorePackVersion = 10.0.5
                   KnownCrossgen2Pack
                       Microsoft.NETCore.App.Crossgen2
                           Crossgen2RuntimeIdentifiers = linux-musl-x64;linux-x64;win-x64;linux-arm;linux-arm64;linux-musl-arm;linux-musl-arm64;osx-arm64;osx-x64;win-arm64;win-x86;freebsd-x64;freebsd-arm64;linux-riscv64;linux-musl-riscv64;linux-loongarch64;linux-musl-loongarch64
                           TargetFramework = net10.0
                           Crossgen2PackNamePattern = Microsoft.NETCore.App.Crossgen2.**RID**
                           Crossgen2PackVersion = 10.0.5
                           Crossgen2PortableRuntimeIdentifiers = linux-musl-x64;linux-x64;win-x64;linux-arm;linux-arm64;linux-musl-arm;linux-musl-arm64;osx-arm64;osx-x64;win-arm64;win-x86;freebsd-x64;freebsd-arm64;linux-riscv64;linux-musl-riscv64;linux-loongarch64;linux-musl-loongarch64
                       Microsoft.NETCore.App.Crossgen2
                           Crossgen2RuntimeIdentifiers = linux-musl-x64;linux-x64;win-x64;linux-arm;linux-arm64;linux-musl-arm;linux-musl-arm64;osx-arm64;osx-x64;win-arm64;win-x86;freebsd-x64;freebsd-arm64;linux-riscv64;linux-musl-riscv64;linux-loongarch64;linux-musl-loongarch64
                           TargetFramework = net9.0
                           Crossgen2PackNamePattern = Microsoft.NETCore.App.Crossgen2.**RID**
                           Crossgen2PackVersion = 9.0.14
                       Microsoft.NETCore.App.Crossgen2
                           Crossgen2RuntimeIdentifiers = linux-musl-x64;linux-x64;win-x64;linux-arm;linux-arm64;linux-musl-arm;linux-musl-arm64;osx-arm64;osx-x64;win-arm64;win-x86;freebsd-x64;freebsd-arm64
                           TargetFramework = net8.0
                           Crossgen2PackNamePattern = Microsoft.NETCore.App.Crossgen2.**RID**
                           Crossgen2PackVersion = 8.0.25
                       Microsoft.NETCore.App.Crossgen2
                           Crossgen2RuntimeIdentifiers = linux-musl-x64;linux-x64;win-x64;linux-arm;linux-arm64;linux-musl-arm;linux-musl-arm64;osx-arm64;osx-x64;win-arm;win-arm64;win-x86
                           TargetFramework = net7.0
                           Crossgen2PackNamePattern = Microsoft.NETCore.App.Crossgen2.**RID**
                           Crossgen2PackVersion = 7.0.20
                       Microsoft.NETCore.App.Crossgen2
                           Crossgen2RuntimeIdentifiers = linux-musl-x64;linux-x64;win-x64;linux-arm;linux-arm64;linux-musl-arm;linux-musl-arm64;osx-arm64;osx-x64;win-arm;win-arm64;win-x86
                           TargetFramework = net6.0
                           Crossgen2PackNamePattern = Microsoft.NETCore.App.Crossgen2.**RID**
                           Crossgen2PackVersion = 6.0.36
                       Microsoft.NETCore.App.Crossgen2
                           Crossgen2RuntimeIdentifiers = linux-musl-x64;linux-x64;win-x64
                           TargetFramework = net5.0
                           Crossgen2PackNamePattern = Microsoft.NETCore.App.Crossgen2.**RID**
                           Crossgen2PackVersion = 5.0.17
                   KnownFrameworkReference
                       Microsoft.AspNetCore.App
                           TargetFramework = netcoreapp3.1
                           DefaultRuntimeFrameworkVersion = 3.1.0
                           TargetingPackName = Microsoft.AspNetCore.App.Ref
                           LatestRuntimeFrameworkVersion = 3.1.32
                           RuntimePackRuntimeIdentifiers = win-x64;win-x86;win-arm;osx-x64;linux-musl-x64;linux-musl-arm64;linux-x64;linux-arm;linux-arm64
                           RuntimePackNamePatterns = Microsoft.AspNetCore.App.Runtime.**RID**
                           TargetingPackVersion = 3.1.10
                           RuntimeFrameworkName = Microsoft.AspNetCore.App
                       Microsoft.AspNetCore.App
                           TargetFramework = net10.0
                           DefaultRuntimeFrameworkVersion = 10.0.0
                           TargetingPackName = Microsoft.AspNetCore.App.Ref
                           LatestRuntimeFrameworkVersion = 10.0.5
                           RuntimePackExcludedRuntimeIdentifiers = android;linux-bionic
                           RuntimePackRuntimeIdentifiers = win-x64;win-x86;osx-x64;linux-musl-x64;linux-musl-arm64;linux-x64;linux-arm;linux-arm64;linux-musl-arm;win-arm64;osx-arm64;linux-s390x;linux-loongarch64;linux-ppc64le;freebsd-x64;freebsd-arm64;linux-riscv64;linux-musl-riscv64;linux-loongarch64;linux-musl-loongarch64
                           RuntimePackNamePatterns = Microsoft.AspNetCore.App.Runtime.**RID**
                           TargetingPackVersion = 10.0.5
                           RuntimeFrameworkName = Microsoft.AspNetCore.App
                       Microsoft.AspNetCore.App
                           TargetFramework = net5.0
                           DefaultRuntimeFrameworkVersion = 5.0.0
                           TargetingPackName = Microsoft.AspNetCore.App.Ref
                           LatestRuntimeFrameworkVersion = 5.0.17
                           RuntimePackRuntimeIdentifiers = win-x64;win-x86;win-arm;osx-x64;linux-musl-x64;linux-musl-arm64;linux-x64;linux-arm;linux-arm64;linux-musl-arm;win-arm64
                           RuntimePackNamePatterns = Microsoft.AspNetCore.App.Runtime.**RID**
                           TargetingPackVersion = 5.0.0
                           RuntimeFrameworkName = Microsoft.AspNetCore.App
                       Microsoft.AspNetCore.App
                           TargetFramework = net6.0
                           DefaultRuntimeFrameworkVersion = 6.0.0
                           TargetingPackName = Microsoft.AspNetCore.App.Ref
                           LatestRuntimeFrameworkVersion = 6.0.36
                           RuntimePackRuntimeIdentifiers = win-x64;win-x86;win-arm;osx-x64;linux-musl-x64;linux-musl-arm64;linux-x64;linux-arm;linux-arm64;linux-musl-arm;win-arm64;osx-arm64;linux-s390x;linux-loongarch64
                           RuntimePackNamePatterns = Microsoft.AspNetCore.App.Runtime.**RID**
                           TargetingPackVersion = 6.0.36
                           RuntimeFrameworkName = Microsoft.AspNetCore.App
                       Microsoft.AspNetCore.App
                           TargetFramework = netcoreapp3.0
                           DefaultRuntimeFrameworkVersion = 3.0.0
                           TargetingPackName = Microsoft.AspNetCore.App.Ref
                           LatestRuntimeFrameworkVersion = 3.0.3
                           RuntimePackRuntimeIdentifiers = win-x64;win-x86;win-arm;osx-x64;linux-musl-x64;linux-musl-arm64;linux-x64;linux-arm;linux-arm64
                           RuntimePackNamePatterns = Microsoft.AspNetCore.App.Runtime.**RID**
                           TargetingPackVersion = 3.0.1
                           RuntimeFrameworkName = Microsoft.AspNetCore.App
                       Microsoft.AspNetCore.App
                           TargetFramework = net9.0
                           DefaultRuntimeFrameworkVersion = 9.0.0
                           TargetingPackName = Microsoft.AspNetCore.App.Ref
                           LatestRuntimeFrameworkVersion = 9.0.14
                           RuntimePackExcludedRuntimeIdentifiers = android;linux-bionic
                           RuntimePackRuntimeIdentifiers = win-x64;win-x86;osx-x64;linux-musl-x64;linux-musl-arm64;linux-x64;linux-arm;linux-arm64;linux-musl-arm;win-arm64;osx-arm64;linux-s390x;linux-loongarch64;linux-ppc64le;freebsd-x64;freebsd-arm64;linux-riscv64;linux-musl-riscv64;linux-loongarch64;linux-musl-loongarch64
                           RuntimePackNamePatterns = Microsoft.AspNetCore.App.Runtime.**RID**
                           TargetingPackVersion = 9.0.14
                           RuntimeFrameworkName = Microsoft.AspNetCore.App
                       Microsoft.AspNetCore.App
                           TargetFramework = net7.0
                           DefaultRuntimeFrameworkVersion = 7.0.0
                           TargetingPackName = Microsoft.AspNetCore.App.Ref
                           LatestRuntimeFrameworkVersion = 7.0.20
                           RuntimePackExcludedRuntimeIdentifiers = android
                           RuntimePackRuntimeIdentifiers = win-x64;win-x86;win-arm;osx-x64;linux-musl-x64;linux-musl-arm64;linux-x64;linux-arm;linux-arm64;linux-musl-arm;win-arm64;osx-arm64;linux-s390x;linux-loongarch64;linux-ppc64le
                           RuntimePackNamePatterns = Microsoft.AspNetCore.App.Runtime.**RID**
                           TargetingPackVersion = 7.0.20
                           RuntimeFrameworkName = Microsoft.AspNetCore.App
                       Microsoft.AspNetCore.App
                           TargetFramework = net8.0
                           DefaultRuntimeFrameworkVersion = 8.0.0
                           TargetingPackName = Microsoft.AspNetCore.App.Ref
                           LatestRuntimeFrameworkVersion = 8.0.25
                           RuntimePackExcludedRuntimeIdentifiers = android;linux-bionic
                           RuntimePackRuntimeIdentifiers = win-x64;win-x86;osx-x64;linux-musl-x64;linux-musl-arm64;linux-x64;linux-arm;linux-arm64;linux-musl-arm;win-arm64;osx-arm64;linux-s390x;linux-loongarch64;linux-ppc64le;freebsd-x64;freebsd-arm64
                           RuntimePackNamePatterns = Microsoft.AspNetCore.App.Runtime.**RID**
                           TargetingPackVersion = 8.0.25
                           RuntimeFrameworkName = Microsoft.AspNetCore.App
                       Microsoft.NETCore.App
                           TargetFramework = net10.0
                           DefaultRuntimeFrameworkVersion = 10.0.0
                           TargetingPackName = Microsoft.NETCore.App.Ref
                           LatestRuntimeFrameworkVersion = 10.0.5
                           RuntimePackRuntimeIdentifiers = linux-arm;linux-arm64;linux-musl-arm64;linux-musl-x64;linux-x64;osx-x64;tizen.4.0.0-armel;tizen.5.0.0-armel;win-arm64;win-x64;win-x86;linux-musl-arm;osx-arm64;linux-s390x;linux-loongarch64;linux-bionic-arm;linux-bionic-arm64;linux-bionic-x64;linux-bionic-x86;linux-ppc64le;freebsd-x64;freebsd-arm64;linux-riscv64;linux-musl-riscv64;linux-musl-loongarch64;android-arm64;android-x64
                           RuntimePackNamePatterns = Microsoft.NETCore.App.Runtime.**RID**
                           TargetingPackVersion = 10.0.5
                           RuntimeFrameworkName = Microsoft.NETCore.App
                       Microsoft.NETCore.App
                           TargetFramework = netcoreapp3.0
                           DefaultRuntimeFrameworkVersion = 3.0.0
                           TargetingPackName = Microsoft.NETCore.App.Ref
                           LatestRuntimeFrameworkVersion = 3.0.3
                           RuntimePackRuntimeIdentifiers = linux-arm;linux-arm64;linux-musl-arm64;linux-musl-x64;linux-x64;osx-x64;tizen.4.0.0-armel;tizen.5.0.0-armel;win-arm;win-arm64;win-x64;win-x86
                           RuntimePackNamePatterns = Microsoft.NETCore.App.Runtime.**RID**
                           TargetingPackVersion = 3.0.0
                           IsTrimmable = true
                           RuntimeFrameworkName = Microsoft.NETCore.App
                       Microsoft.NETCore.App
                           TargetFramework = netcoreapp3.1
                           DefaultRuntimeFrameworkVersion = 3.1.0
                           TargetingPackName = Microsoft.NETCore.App.Ref
                           LatestRuntimeFrameworkVersion = 3.1.32
                           RuntimePackRuntimeIdentifiers = linux-arm;linux-arm64;linux-musl-arm64;linux-musl-x64;linux-x64;osx-x64;tizen.4.0.0-armel;tizen.5.0.0-armel;win-arm;win-arm64;win-x64;win-x86
                           RuntimePackNamePatterns = Microsoft.NETCore.App.Runtime.**RID**
                           TargetingPackVersion = 3.1.0
                           IsTrimmable = true
                           RuntimeFrameworkName = Microsoft.NETCore.App
                       Microsoft.NETCore.App
                           TargetFramework = net5.0
                           DefaultRuntimeFrameworkVersion = 5.0.0
                           TargetingPackName = Microsoft.NETCore.App.Ref
                           LatestRuntimeFrameworkVersion = 5.0.17
                           RuntimePackRuntimeIdentifiers = linux-arm;linux-arm64;linux-musl-arm64;linux-musl-x64;linux-x64;osx-x64;tizen.4.0.0-armel;tizen.5.0.0-armel;win-arm;win-arm64;win-x64;win-x86;linux-musl-arm;browser-wasm
                           RuntimePackNamePatterns = Microsoft.NETCore.App.Runtime.**RID**
                           TargetingPackVersion = 5.0.0
                           IsTrimmable = true
                           RuntimeFrameworkName = Microsoft.NETCore.App
                       Microsoft.NETCore.App
                           TargetFramework = net7.0
                           DefaultRuntimeFrameworkVersion = 7.0.0
                           TargetingPackName = Microsoft.NETCore.App.Ref
                           LatestRuntimeFrameworkVersion = 7.0.20
                           RuntimePackRuntimeIdentifiers = linux-arm;linux-arm64;linux-musl-arm64;linux-musl-x64;linux-x64;osx-x64;tizen.4.0.0-armel;tizen.5.0.0-armel;win-arm;win-arm64;win-x64;win-x86;linux-musl-arm;osx-arm64;linux-s390x;linux-loongarch64;linux-bionic-arm;linux-bionic-arm64;linux-bionic-x64;linux-bionic-x86;linux-ppc64le
                           RuntimePackNamePatterns = Microsoft.NETCore.App.Runtime.**RID**
                           TargetingPackVersion = 7.0.20
                           RuntimeFrameworkName = Microsoft.NETCore.App
                       Microsoft.NETCore.App
                           TargetFramework = net6.0
                           DefaultRuntimeFrameworkVersion = 6.0.0
                           TargetingPackName = Microsoft.NETCore.App.Ref
                           LatestRuntimeFrameworkVersion = 6.0.36
                           RuntimePackRuntimeIdentifiers = linux-arm;linux-arm64;linux-musl-arm64;linux-musl-x64;linux-x64;osx-x64;tizen.4.0.0-armel;tizen.5.0.0-armel;win-arm;win-arm64;win-x64;win-x86;linux-musl-arm;osx-arm64;linux-s390x;linux-loongarch64
                           RuntimePackNamePatterns = Microsoft.NETCore.App.Runtime.**RID**
                           TargetingPackVersion = 6.0.36
                           RuntimeFrameworkName = Microsoft.NETCore.App
                       Microsoft.NETCore.App
                           TargetFramework = net8.0
                           DefaultRuntimeFrameworkVersion = 8.0.0
                           TargetingPackName = Microsoft.NETCore.App.Ref
                           LatestRuntimeFrameworkVersion = 8.0.25
                           RuntimePackRuntimeIdentifiers = linux-arm;linux-arm64;linux-musl-arm64;linux-musl-x64;linux-x64;osx-x64;tizen.4.0.0-armel;tizen.5.0.0-armel;win-arm64;win-x64;win-x86;linux-musl-arm;osx-arm64;linux-s390x;linux-loongarch64;linux-bionic-arm;linux-bionic-arm64;linux-bionic-x64;linux-bionic-x86;linux-ppc64le;freebsd-x64;freebsd-arm64
                           RuntimePackNamePatterns = Microsoft.NETCore.App.Runtime.**RID**
                           TargetingPackVersion = 8.0.25
                           RuntimeFrameworkName = Microsoft.NETCore.App
                       Microsoft.NETCore.App
                           TargetFramework = net9.0
                           DefaultRuntimeFrameworkVersion = 9.0.0
                           TargetingPackName = Microsoft.NETCore.App.Ref
                           LatestRuntimeFrameworkVersion = 9.0.14
                           RuntimePackRuntimeIdentifiers = linux-arm;linux-arm64;linux-musl-arm64;linux-musl-x64;linux-x64;osx-x64;tizen.4.0.0-armel;tizen.5.0.0-armel;win-arm64;win-x64;win-x86;linux-musl-arm;osx-arm64;linux-s390x;linux-loongarch64;linux-bionic-arm;linux-bionic-arm64;linux-bionic-x64;linux-bionic-x86;linux-ppc64le;freebsd-x64;freebsd-arm64;linux-riscv64;linux-musl-riscv64;linux-musl-loongarch64
                           RuntimePackNamePatterns = Microsoft.NETCore.App.Runtime.**RID**
                           TargetingPackVersion = 9.0.14
                           RuntimeFrameworkName = Microsoft.NETCore.App
                       Microsoft.WindowsDesktop.App
                           TargetFramework = net8.0
                           DefaultRuntimeFrameworkVersion = 8.0.0
                           TargetingPackName = Microsoft.WindowsDesktop.App.Ref
                           IsWindowsOnly = true
                           LatestRuntimeFrameworkVersion = 8.0.25
                           RuntimePackRuntimeIdentifiers = win-x64;win-x86;win-arm64
                           RuntimePackNamePatterns = Microsoft.WindowsDesktop.App.Runtime.**RID**
                           TargetingPackVersion = 8.0.25
                           RuntimeFrameworkName = Microsoft.WindowsDesktop.App
                       Microsoft.WindowsDesktop.App
                           TargetFramework = net7.0
                           DefaultRuntimeFrameworkVersion = 7.0.0
                           TargetingPackName = Microsoft.WindowsDesktop.App.Ref
                           IsWindowsOnly = true
                           LatestRuntimeFrameworkVersion = 7.0.20
                           RuntimePackRuntimeIdentifiers = win-x64;win-x86;win-arm64
                           RuntimePackNamePatterns = Microsoft.WindowsDesktop.App.Runtime.**RID**
                           TargetingPackVersion = 7.0.20
                           RuntimeFrameworkName = Microsoft.WindowsDesktop.App
                       Microsoft.WindowsDesktop.App
                           TargetFramework = netcoreapp3.1
                           DefaultRuntimeFrameworkVersion = 3.1.0
                           TargetingPackName = Microsoft.WindowsDesktop.App.Ref
                           IsWindowsOnly = true
                           LatestRuntimeFrameworkVersion = 3.1.32
                           RuntimePackRuntimeIdentifiers = win-x64;win-x86
                           RuntimePackNamePatterns = Microsoft.WindowsDesktop.App.Runtime.**RID**
                           TargetingPackVersion = 3.1.0
                           RuntimeFrameworkName = Microsoft.WindowsDesktop.App
                       Microsoft.WindowsDesktop.App
                           TargetFramework = net6.0
                           DefaultRuntimeFrameworkVersion = 6.0.0
                           TargetingPackName = Microsoft.WindowsDesktop.App.Ref
                           IsWindowsOnly = true
                           LatestRuntimeFrameworkVersion = 6.0.36
                           RuntimePackRuntimeIdentifiers = win-x64;win-x86;win-arm64
                           RuntimePackNamePatterns = Microsoft.WindowsDesktop.App.Runtime.**RID**
                           TargetingPackVersion = 6.0.36
                           RuntimeFrameworkName = Microsoft.WindowsDesktop.App
                       Microsoft.WindowsDesktop.App
                           TargetFramework = net10.0
                           DefaultRuntimeFrameworkVersion = 10.0.0
                           TargetingPackName = Microsoft.WindowsDesktop.App.Ref
                           IsWindowsOnly = true
                           LatestRuntimeFrameworkVersion = 10.0.5
                           RuntimePackRuntimeIdentifiers = win-x64;win-x86;win-arm64
                           RuntimePackNamePatterns = Microsoft.WindowsDesktop.App.Runtime.**RID**
                           TargetingPackVersion = 10.0.5
                           RuntimeFrameworkName = Microsoft.WindowsDesktop.App
                       Microsoft.WindowsDesktop.App
                           TargetFramework = netcoreapp3.0
                           DefaultRuntimeFrameworkVersion = 3.0.0
                           TargetingPackName = Microsoft.WindowsDesktop.App.Ref
                           IsWindowsOnly = true
                           LatestRuntimeFrameworkVersion = 3.0.3
                           RuntimePackRuntimeIdentifiers = win-x64;win-x86
                           RuntimePackNamePatterns = Microsoft.WindowsDesktop.App.Runtime.**RID**
                           TargetingPackVersion = 3.0.0
                           RuntimeFrameworkName = Microsoft.WindowsDesktop.App
                       Microsoft.WindowsDesktop.App
                           TargetFramework = net9.0
                           DefaultRuntimeFrameworkVersion = 9.0.0
                           TargetingPackName = Microsoft.WindowsDesktop.App.Ref
                           IsWindowsOnly = true
                           LatestRuntimeFrameworkVersion = 9.0.14
                           RuntimePackRuntimeIdentifiers = win-x64;win-x86;win-arm64
                           RuntimePackNamePatterns = Microsoft.WindowsDesktop.App.Runtime.**RID**
                           TargetingPackVersion = 9.0.14
                           RuntimeFrameworkName = Microsoft.WindowsDesktop.App
                       Microsoft.WindowsDesktop.App
                           TargetFramework = net5.0
                           DefaultRuntimeFrameworkVersion = 5.0.0
                           TargetingPackName = Microsoft.WindowsDesktop.App.Ref
                           IsWindowsOnly = true
                           LatestRuntimeFrameworkVersion = 5.0.17
                           RuntimePackRuntimeIdentifiers = win-x64;win-x86;win-arm64
                           RuntimePackNamePatterns = Microsoft.WindowsDesktop.App.Runtime.**RID**
                           TargetingPackVersion = 5.0.0
                           RuntimeFrameworkName = Microsoft.WindowsDesktop.App
                       Microsoft.WindowsDesktop.App.WindowsForms
                           TargetFramework = net6.0
                           DefaultRuntimeFrameworkVersion = 6.0.0
                           TargetingPackName = Microsoft.WindowsDesktop.App.Ref
                           IsWindowsOnly = true
                           LatestRuntimeFrameworkVersion = 6.0.36
                           RuntimePackRuntimeIdentifiers = win-x64;win-x86;win-arm64
                           RuntimePackNamePatterns = Microsoft.WindowsDesktop.App.Runtime.**RID**
                           TargetingPackVersion = 6.0.36
                           Profile = WindowsForms
                           RuntimeFrameworkName = Microsoft.WindowsDesktop.App
                       Microsoft.WindowsDesktop.App.WindowsForms
                           TargetFramework = net10.0
                           DefaultRuntimeFrameworkVersion = 10.0.0
                           TargetingPackName = Microsoft.WindowsDesktop.App.Ref
                           IsWindowsOnly = true
                           LatestRuntimeFrameworkVersion = 10.0.5
                           RuntimePackRuntimeIdentifiers = win-x64;win-x86;win-arm64
                           RuntimePackNamePatterns = Microsoft.WindowsDesktop.App.Runtime.**RID**
                           TargetingPackVersion = 10.0.5
                           Profile = WindowsForms
                           RuntimeFrameworkName = Microsoft.WindowsDesktop.App
                       Microsoft.WindowsDesktop.App.WindowsForms
                           TargetFramework = net5.0
                           DefaultRuntimeFrameworkVersion = 5.0.0
                           TargetingPackName = Microsoft.WindowsDesktop.App.Ref
                           IsWindowsOnly = true
                           LatestRuntimeFrameworkVersion = 5.0.17
                           RuntimePackRuntimeIdentifiers = win-x64;win-x86;win-arm64
                           RuntimePackNamePatterns = Microsoft.WindowsDesktop.App.Runtime.**RID**
                           TargetingPackVersion = 5.0.0
                           Profile = WindowsForms
                           RuntimeFrameworkName = Microsoft.WindowsDesktop.App
                       Microsoft.WindowsDesktop.App.WindowsForms
                           TargetFramework = netcoreapp3.1
                           DefaultRuntimeFrameworkVersion = 3.1.0
                           TargetingPackName = Microsoft.WindowsDesktop.App.Ref
                           IsWindowsOnly = true
                           LatestRuntimeFrameworkVersion = 3.1.32
                           RuntimePackRuntimeIdentifiers = win-x64;win-x86
                           RuntimePackNamePatterns = Microsoft.WindowsDesktop.App.Runtime.**RID**
                           TargetingPackVersion = 3.1.0
                           Profile = WindowsForms
                           RuntimeFrameworkName = Microsoft.WindowsDesktop.App
                       Microsoft.WindowsDesktop.App.WindowsForms
                           TargetFramework = net9.0
                           DefaultRuntimeFrameworkVersion = 9.0.0
                           TargetingPackName = Microsoft.WindowsDesktop.App.Ref
                           IsWindowsOnly = true
                           LatestRuntimeFrameworkVersion = 9.0.14
                           RuntimePackRuntimeIdentifiers = win-x64;win-x86;win-arm64
                           RuntimePackNamePatterns = Microsoft.WindowsDesktop.App.Runtime.**RID**
                           TargetingPackVersion = 9.0.14
                           Profile = WindowsForms
                           RuntimeFrameworkName = Microsoft.WindowsDesktop.App
                       Microsoft.WindowsDesktop.App.WindowsForms
                           TargetFramework = net7.0
                           DefaultRuntimeFrameworkVersion = 7.0.0
                           TargetingPackName = Microsoft.WindowsDesktop.App.Ref
                           IsWindowsOnly = true
                           LatestRuntimeFrameworkVersion = 7.0.20
                           RuntimePackRuntimeIdentifiers = win-x64;win-x86;win-arm64
                           RuntimePackNamePatterns = Microsoft.WindowsDesktop.App.Runtime.**RID**
                           TargetingPackVersion = 7.0.20
                           Profile = WindowsForms
                           RuntimeFrameworkName = Microsoft.WindowsDesktop.App
                       Microsoft.WindowsDesktop.App.WindowsForms
                           TargetFramework = netcoreapp3.0
                           DefaultRuntimeFrameworkVersion = 3.0.0
                           TargetingPackName = Microsoft.WindowsDesktop.App.Ref
                           IsWindowsOnly = true
                           LatestRuntimeFrameworkVersion = 3.0.3
                           RuntimePackRuntimeIdentifiers = win-x64;win-x86
                           RuntimePackNamePatterns = Microsoft.WindowsDesktop.App.Runtime.**RID**
                           TargetingPackVersion = 3.0.0
                           Profile = WindowsForms
                           RuntimeFrameworkName = Microsoft.WindowsDesktop.App
                       Microsoft.WindowsDesktop.App.WindowsForms
                           TargetFramework = net8.0
                           DefaultRuntimeFrameworkVersion = 8.0.0
                           TargetingPackName = Microsoft.WindowsDesktop.App.Ref
                           IsWindowsOnly = true
                           LatestRuntimeFrameworkVersion = 8.0.25
                           RuntimePackRuntimeIdentifiers = win-x64;win-x86;win-arm64
                           RuntimePackNamePatterns = Microsoft.WindowsDesktop.App.Runtime.**RID**
                           TargetingPackVersion = 8.0.25
                           Profile = WindowsForms
                           RuntimeFrameworkName = Microsoft.WindowsDesktop.App
                       Microsoft.WindowsDesktop.App.WPF
                           TargetFramework = netcoreapp3.0
                           DefaultRuntimeFrameworkVersion = 3.0.0
                           TargetingPackName = Microsoft.WindowsDesktop.App.Ref
                           IsWindowsOnly = true
                           LatestRuntimeFrameworkVersion = 3.0.3
                           RuntimePackRuntimeIdentifiers = win-x64;win-x86
                           RuntimePackNamePatterns = Microsoft.WindowsDesktop.App.Runtime.**RID**
                           TargetingPackVersion = 3.0.0
                           Profile = WPF
                           RuntimeFrameworkName = Microsoft.WindowsDesktop.App
                       Microsoft.WindowsDesktop.App.WPF
                           TargetFramework = net8.0
                           DefaultRuntimeFrameworkVersion = 8.0.0
                           TargetingPackName = Microsoft.WindowsDesktop.App.Ref
                           IsWindowsOnly = true
                           LatestRuntimeFrameworkVersion = 8.0.25
                           RuntimePackRuntimeIdentifiers = win-x64;win-x86;win-arm64
                           RuntimePackNamePatterns = Microsoft.WindowsDesktop.App.Runtime.**RID**
                           TargetingPackVersion = 8.0.25
                           Profile = WPF
                           RuntimeFrameworkName = Microsoft.WindowsDesktop.App
                       Microsoft.WindowsDesktop.App.WPF
                           TargetFramework = net5.0
                           DefaultRuntimeFrameworkVersion = 5.0.0
                           TargetingPackName = Microsoft.WindowsDesktop.App.Ref
                           IsWindowsOnly = true
                           LatestRuntimeFrameworkVersion = 5.0.17
                           RuntimePackRuntimeIdentifiers = win-x64;win-x86;win-arm64
                           RuntimePackNamePatterns = Microsoft.WindowsDesktop.App.Runtime.**RID**
                           TargetingPackVersion = 5.0.0
                           Profile = WPF
                           RuntimeFrameworkName = Microsoft.WindowsDesktop.App
                       Microsoft.WindowsDesktop.App.WPF
                           TargetFramework = netcoreapp3.1
                           DefaultRuntimeFrameworkVersion = 3.1.0
                           TargetingPackName = Microsoft.WindowsDesktop.App.Ref
                           IsWindowsOnly = true
                           LatestRuntimeFrameworkVersion = 3.1.32
                           RuntimePackRuntimeIdentifiers = win-x64;win-x86
                           RuntimePackNamePatterns = Microsoft.WindowsDesktop.App.Runtime.**RID**
                           TargetingPackVersion = 3.1.0
                           Profile = WPF
                           RuntimeFrameworkName = Microsoft.WindowsDesktop.App
                       Microsoft.WindowsDesktop.App.WPF
                           TargetFramework = net9.0
                           DefaultRuntimeFrameworkVersion = 9.0.0
                           TargetingPackName = Microsoft.WindowsDesktop.App.Ref
                           IsWindowsOnly = true
                           LatestRuntimeFrameworkVersion = 9.0.14
                           RuntimePackRuntimeIdentifiers = win-x64;win-x86;win-arm64
                           RuntimePackNamePatterns = Microsoft.WindowsDesktop.App.Runtime.**RID**
                           TargetingPackVersion = 9.0.14
                           Profile = WPF
                           RuntimeFrameworkName = Microsoft.WindowsDesktop.App
                       Microsoft.WindowsDesktop.App.WPF
                           TargetFramework = net6.0
                           DefaultRuntimeFrameworkVersion = 6.0.0
                           TargetingPackName = Microsoft.WindowsDesktop.App.Ref
                           IsWindowsOnly = true
                           LatestRuntimeFrameworkVersion = 6.0.36
                           RuntimePackRuntimeIdentifiers = win-x64;win-x86;win-arm64
                           RuntimePackNamePatterns = Microsoft.WindowsDesktop.App.Runtime.**RID**
                           TargetingPackVersion = 6.0.36
                           Profile = WPF
                           RuntimeFrameworkName = Microsoft.WindowsDesktop.App
                       Microsoft.WindowsDesktop.App.WPF
                           TargetFramework = net7.0
                           DefaultRuntimeFrameworkVersion = 7.0.0
                           TargetingPackName = Microsoft.WindowsDesktop.App.Ref
                           IsWindowsOnly = true
                           LatestRuntimeFrameworkVersion = 7.0.20
                           RuntimePackRuntimeIdentifiers = win-x64;win-x86;win-arm64
                           RuntimePackNamePatterns = Microsoft.WindowsDesktop.App.Runtime.**RID**
                           TargetingPackVersion = 7.0.20
                           Profile = WPF
                           RuntimeFrameworkName = Microsoft.WindowsDesktop.App
                       Microsoft.WindowsDesktop.App.WPF
                           TargetFramework = net10.0
                           DefaultRuntimeFrameworkVersion = 10.0.0
                           TargetingPackName = Microsoft.WindowsDesktop.App.Ref
                           IsWindowsOnly = true
                           LatestRuntimeFrameworkVersion = 10.0.5
                           RuntimePackRuntimeIdentifiers = win-x64;win-x86;win-arm64
                           RuntimePackNamePatterns = Microsoft.WindowsDesktop.App.Runtime.**RID**
                           TargetingPackVersion = 10.0.5
                           Profile = WPF
                           RuntimeFrameworkName = Microsoft.WindowsDesktop.App
                       NETStandard.Library
                           TargetFramework = netstandard2.1
                           TargetingPackName = NETStandard.Library.Ref
                           TargetingPackVersion = 2.1.0
                   KnownILCompilerPack
                       Microsoft.DotNet.ILCompiler
                           ILCompilerPackNamePattern = runtime.**RID**.Microsoft.DotNet.ILCompiler
                           ILCompilerRuntimePackNamePattern = Microsoft.NETCore.App.Runtime.NativeAOT.**RID**
                           TargetFramework = net10.0
                           ILCompilerPackVersion = 10.0.5
                           ILCompilerRuntimeIdentifiers = linux-arm64;linux-musl-arm64;linux-musl-x64;linux-x64;win-arm64;win-x64;osx-x64;osx-arm64;freebsd-x64;freebsd-arm64;linux-arm;linux-musl-arm;linux-loongarch64;linux-musl-loongarch64;win-x86;linux-riscv64;linux-musl-riscv64
                           ILCompilerPortableRuntimeIdentifiers = linux-arm64;linux-musl-arm64;linux-musl-x64;linux-x64;win-arm64;win-x64;osx-x64;osx-arm64;freebsd-x64;freebsd-arm64;linux-arm;linux-musl-arm;linux-loongarch64;linux-musl-loongarch64;win-x86;linux-riscv64;linux-musl-riscv64
                       Microsoft.DotNet.ILCompiler
                           ILCompilerPackNamePattern = runtime.**RID**.Microsoft.DotNet.ILCompiler
                           TargetFramework = net9.0
                           ILCompilerPackVersion = 9.0.14
                           ILCompilerRuntimeIdentifiers = linux-arm64;linux-musl-arm64;linux-musl-x64;linux-x64;win-arm64;win-x64;osx-x64;osx-arm64;freebsd-x64;freebsd-arm64;linux-arm;linux-musl-arm;linux-loongarch64;linux-musl-loongarch64;win-x86
                       Microsoft.DotNet.ILCompiler
                           ILCompilerPackNamePattern = runtime.**RID**.Microsoft.DotNet.ILCompiler
                           TargetFramework = net8.0
                           ILCompilerPackVersion = 8.0.25
                           ILCompilerRuntimeIdentifiers = linux-arm64;linux-musl-arm64;linux-musl-x64;linux-x64;win-arm64;win-x64;osx-x64;osx-arm64;freebsd-x64;freebsd-arm64
                       Microsoft.DotNet.ILCompiler
                           ILCompilerPackNamePattern = runtime.**RID**.Microsoft.DotNet.ILCompiler
                           TargetFramework = net7.0
                           ILCompilerPackVersion = 7.0.20
                           ILCompilerRuntimeIdentifiers = linux-arm64;linux-musl-arm64;linux-musl-x64;linux-x64;win-arm64;win-x64
                   KnownILLinkPack
                       Microsoft.NET.ILLink.Tasks
                           TargetFramework = net10.0
                           ILLinkPackVersion = 10.0.5
                       Microsoft.NET.ILLink.Tasks
                           TargetFramework = net9.0
                           ILLinkPackVersion = 9.0.14
                       Microsoft.NET.ILLink.Tasks
                           TargetFramework = net8.0
                           ILLinkPackVersion = 8.0.25
                       Microsoft.NET.ILLink.Tasks
                           TargetFramework = net7.0
                           ILLinkPackVersion = 7.0.100-1.23211.1
                       Microsoft.NET.ILLink.Tasks
                           TargetFramework = net6.0
                           ILLinkPackVersion = 7.0.100-1.23211.1
                       Microsoft.NET.ILLink.Tasks
                           TargetFramework = net5.0
                           ILLinkPackVersion = 7.0.100-1.23211.1
                       Microsoft.NET.ILLink.Tasks
                           TargetFramework = netcoreapp3.1
                           ILLinkPackVersion = 7.0.100-1.23211.1
                       Microsoft.NET.ILLink.Tasks
                           TargetFramework = netcoreapp3.0
                           ILLinkPackVersion = 7.0.100-1.23211.1
                   KnownRuntimePack
                       Microsoft.NETCore.App
                           TargetFramework = net10.0
                           LatestRuntimeFrameworkVersion = 10.0.5
                           RuntimePackRuntimeIdentifiers = ios-arm64;iossimulator-arm64;iossimulator-x64;tvos-arm64;tvossimulator-arm64;tvossimulator-x64;maccatalyst-arm64;maccatalyst-x64;linux-bionic-arm64;linux-bionic-x64;osx-arm64;osx-x64;freebsd-arm64;freebsd-x64;linux-x64;linux-arm;linux-arm64;linux-loongarch64;linux-bionic-arm;linux-musl-x64;linux-musl-arm;linux-musl-arm64;linux-musl-loongarch64;win-x64;win-x86;win-arm64;browser-wasm;wasi-wasm;linux-riscv64;linux-musl-riscv64;android-arm64;android-x64
                           RuntimePackNamePatterns = Microsoft.NETCore.App.Runtime.NativeAOT.**RID**
                           RuntimePackLabels = NativeAOT
                           RuntimeFrameworkName = Microsoft.NETCore.App
                       Microsoft.NETCore.App
                           TargetFramework = net10.0
                           LatestRuntimeFrameworkVersion = 10.0.5
                           RuntimePackRuntimeIdentifiers = linux-arm;linux-arm64;linux-musl-arm64;linux-musl-x64;linux-x64;osx-x64;win-arm64;win-x64;win-x86;linux-musl-arm;osx-arm64;linux-s390x;linux-loongarch64;browser-wasm;ios-arm64;ios-arm;iossimulator-arm64;iossimulator-x64;iossimulator-x86;tvos-arm64;tvossimulator-arm64;tvossimulator-x64;maccatalyst-x64;maccatalyst-arm64;android-arm64;android-arm;android-x64;android-x86;freebsd-x64;freebsd-arm64;wasi-wasm;linux-riscv64;linux-musl-riscv64;linux-loongarch64;linux-musl-loongarch64
                           RuntimePackNamePatterns = Microsoft.NETCore.App.Runtime.Mono.**RID**
                           RuntimePackLabels = Mono
                           RuntimeFrameworkName = Microsoft.NETCore.App
                       Microsoft.NETCore.App
                           TargetFramework = net9.0
                           LatestRuntimeFrameworkVersion = 9.0.14
                           RuntimePackRuntimeIdentifiers = ios-arm64;iossimulator-arm64;iossimulator-x64;tvos-arm64;tvossimulator-arm64;tvossimulator-x64;maccatalyst-arm64;maccatalyst-x64;linux-bionic-arm64;linux-bionic-x64;osx-arm64;osx-x64;freebsd-arm64;freebsd-x64;linux-x64;linux-arm;linux-arm64;linux-loongarch64;linux-bionic-arm;linux-musl-x64;linux-musl-arm;linux-musl-arm64;linux-musl-loongarch64;win-x64;win-x86;win-arm64;browser-wasm;wasi-wasm
                           RuntimePackNamePatterns = Microsoft.NETCore.App.Runtime.NativeAOT.**RID**
                           RuntimePackLabels = NativeAOT
                           RuntimeFrameworkName = Microsoft.NETCore.App
                       Microsoft.NETCore.App
                           TargetFramework = net9.0
                           LatestRuntimeFrameworkVersion = 9.0.14
                           RuntimePackRuntimeIdentifiers = linux-arm;linux-arm64;linux-musl-arm64;linux-musl-x64;linux-x64;osx-x64;win-arm64;win-x64;win-x86;linux-musl-arm;osx-arm64;linux-s390x;linux-loongarch64;browser-wasm;ios-arm64;ios-arm;iossimulator-arm64;iossimulator-x64;iossimulator-x86;tvos-arm64;tvossimulator-arm64;tvossimulator-x64;maccatalyst-x64;maccatalyst-arm64;android-arm64;android-arm;android-x64;android-x86;freebsd-x64;freebsd-arm64;wasi-wasm;linux-riscv64;linux-musl-riscv64;linux-loongarch64;linux-musl-loongarch64
                           RuntimePackNamePatterns = Microsoft.NETCore.App.Runtime.Mono.**RID**
                           RuntimePackLabels = Mono
                           RuntimeFrameworkName = Microsoft.NETCore.App
                       Microsoft.NETCore.App
                           TargetFramework = net8.0
                           LatestRuntimeFrameworkVersion = 8.0.25
                           RuntimePackRuntimeIdentifiers = ios-arm64;iossimulator-arm64;iossimulator-x64;tvos-arm64;tvossimulator-arm64;tvossimulator-x64;maccatalyst-arm64;maccatalyst-x64;linux-bionic-arm64;linux-bionic-x64;osx-arm64;osx-x64;freebsd-arm64;freebsd-x64
                           RuntimePackNamePatterns = Microsoft.NETCore.App.Runtime.NativeAOT.**RID**
                           RuntimePackLabels = NativeAOT
                           RuntimeFrameworkName = Microsoft.NETCore.App
                       Microsoft.NETCore.App
                           TargetFramework = net8.0
                           LatestRuntimeFrameworkVersion = 8.0.25
                           RuntimePackRuntimeIdentifiers = linux-arm;linux-arm64;linux-musl-arm64;linux-musl-x64;linux-x64;osx-x64;win-arm64;win-x64;win-x86;linux-musl-arm;osx-arm64;linux-s390x;linux-loongarch64;browser-wasm;ios-arm64;ios-arm;iossimulator-arm64;iossimulator-x64;iossimulator-x86;tvos-arm64;tvossimulator-arm64;tvossimulator-x64;maccatalyst-x64;maccatalyst-arm64;android-arm64;android-arm;android-x64;android-x86;freebsd-x64;freebsd-arm64;wasi-wasm
                           RuntimePackNamePatterns = Microsoft.NETCore.App.Runtime.Mono.**RID**
                           RuntimePackLabels = Mono
                           RuntimeFrameworkName = Microsoft.NETCore.App
                       Microsoft.NETCore.App
                           TargetFramework = net7.0
                           LatestRuntimeFrameworkVersion = 7.0.20
                           RuntimePackRuntimeIdentifiers = linux-arm;linux-arm64;linux-musl-arm64;linux-musl-x64;linux-x64;osx-x64;win-arm;win-arm64;win-x64;win-x86;linux-musl-arm;osx-arm64;linux-s390x;linux-loongarch64;browser-wasm;ios-arm64;ios-arm;iossimulator-arm64;iossimulator-x64;iossimulator-x86;tvos-arm64;tvossimulator-arm64;tvossimulator-x64;maccatalyst-x64;maccatalyst-arm64;android-arm64;android-arm;android-x64;android-x86
                           RuntimePackNamePatterns = Microsoft.NETCore.App.Runtime.Mono.**RID**
                           RuntimePackLabels = Mono
                           RuntimeFrameworkName = Microsoft.NETCore.App
                       Microsoft.NETCore.App
                           TargetFramework = net6.0
                           LatestRuntimeFrameworkVersion = 6.0.36
                           RuntimePackRuntimeIdentifiers = linux-arm;linux-arm64;linux-musl-arm64;linux-musl-x64;linux-x64;osx-x64;win-arm;win-arm64;win-x64;win-x86;linux-musl-arm;osx-arm64;linux-s390x;linux-loongarch64;browser-wasm;ios-arm64;ios-arm;iossimulator-arm64;iossimulator-x64;iossimulator-x86;tvos-arm64;tvossimulator-arm64;tvossimulator-x64;maccatalyst-x64;maccatalyst-arm64;android-arm64;android-arm;android-x64;android-x86
                           RuntimePackNamePatterns = Microsoft.NETCore.App.Runtime.Mono.**RID**
                           RuntimePackLabels = Mono
                           RuntimeFrameworkName = Microsoft.NETCore.App
                   KnownWebAssemblySdkPack
                       Microsoft.NET.Sdk.WebAssembly.Pack
                           TargetFramework = net10.0
                           WebAssemblySdkPackVersion = 10.0.5
                       Microsoft.NET.Sdk.WebAssembly.Pack
                           TargetFramework = net9.0
                           WebAssemblySdkPackVersion = 10.0.5
                       Microsoft.NET.Sdk.WebAssembly.Pack
                           TargetFramework = net8.0
                           WebAssemblySdkPackVersion = 10.0.5
                       Microsoft.NET.Sdk.WebAssembly.Pack
                           TargetFramework = net7.0
                           WebAssemblySdkPackVersion = 10.0.5
                       Microsoft.NET.Sdk.WebAssembly.Pack
                           TargetFramework = net6.0
                           WebAssemblySdkPackVersion = 10.0.5
                   Manifest
                       app.manifest
                   None
                       ..\Mixr.Core\config.yaml
                           CopyToOutputDirectory = PreserveNewest
                           Link = config.yaml
                       app.manifest
                       App.xaml
                       Assets\AppIcon.ico
                       Assets\LockScreenLogo.scale-200.png
                       Assets\Mixr-Modell.svg
                       Assets\SplashScreen.scale-200.png
                       Assets\Square150x150Logo.scale-200.png
                       Assets\Square44x44Logo.scale-200.png
                       Assets\Square44x44Logo.targetsize-24_altform-unplated.png
                       Assets\StoreLogo.png
                       Assets\Wide310x150Logo.scale-200.png
                       MainWindow.xaml
                       Package.appxmanifest
                       Pages\AboutPage.xaml
                       Pages\DashboardPage.xaml
                       Pages\HardwareMapPage.xaml
                       Pages\SettingsPage.xaml
                       Pages\SliderMappingPage.xaml
                       Properties\launchSettings.json
                       Properties\PublishProfiles\win-arm64.pubxml
                       Properties\PublishProfiles\win-x64.pubxml
                       Properties\PublishProfiles\win-x86.pubxml
                       Theme\MixrTheme.xaml
                   PackageConflictOverrides
                       NETStandard.Library
                           OverriddenPackages = 
                           Microsoft.Win32.Primitives|4.3.0;
                           System.AppContext|4.3.0;
                           System.Collections|4.3.0;
                           System.Collections.Concurrent|4.3.0;
                           System.Collections.Immutable|1.4.0;
                           System.Collections.NonGeneric|4.3.0;
                           System.Collections.Specialized|4.3.0;
                           System.ComponentModel|4.3.0;
                           System.ComponentModel.EventBasedAsync|4.3.0;
                           System.ComponentModel.Primitives|4.3.0;
                           System.ComponentModel.TypeConverter|4.3.0;
                           System.Console|4.3.0;
                           System.Data.Common|4.3.0;
                           System.Diagnostics.Contracts|4.3.0;
                           System.Diagnostics.Debug|4.3.0;
                           System.Diagnostics.FileVersionInfo|4.3.0;
                           System.Diagnostics.Process|4.3.0;
                           System.Diagnostics.StackTrace|4.3.0;
                           System.Diagnostics.TextWriterTraceListener|4.3.0;
                           System.Diagnostics.Tools|4.3.0;
                           System.Diagnostics.TraceSource|4.3.0;
                           System.Diagnostics.Tracing|4.3.0;
                           System.Dynamic.Runtime|4.3.0;
                           System.Globalization|4.3.0;
                           System.Globalization.Calendars|4.3.0;
                           System.Globalization.Extensions|4.3.0;
                           System.IO|4.3.0;
                           System.IO.Compression|4.3.0;
                           System.IO.Compression.ZipFile|4.3.0;
                           System.IO.FileSystem|4.3.0;
                           System.IO.FileSystem.DriveInfo|4.3.0;
                           System.IO.FileSystem.Primitives|4.3.0;
                           System.IO.FileSystem.Watcher|4.3.0;
                           System.IO.IsolatedStorage|4.3.0;
                           System.IO.MemoryMappedFiles|4.3.0;
                           System.IO.Pipes|4.3.0;
                           System.IO.UnmanagedMemoryStream|4.3.0;
                           System.Linq|4.3.0;
                           System.Linq.Expressions|4.3.0;
                           System.Linq.Queryable|4.3.0;
                           System.Net.Http|4.3.0;
                           System.Net.NameResolution|4.3.0;
                           System.Net.Primitives|4.3.0;
                           System.Net.Requests|4.3.0;
                           System.Net.Security|4.3.0;
                           System.Net.Sockets|4.3.0;
                           System.Net.WebHeaderCollection|4.3.0;
                           System.ObjectModel|4.3.0;
                           System.Private.DataContractSerialization|4.3.0;
                           System.Reflection|4.3.0;
                           System.Reflection.Emit|4.3.0;
                           System.Reflection.Emit.ILGeneration|4.3.0;
                           System.Reflection.Emit.Lightweight|4.3.0;
                           System.Reflection.Extensions|4.3.0;
                           System.Reflection.Primitives|4.3.0;
                           System.Reflection.TypeExtensions|4.3.0;
                           System.Resources.ResourceManager|4.3.0;
                           System.Runtime|4.3.0;
                           System.Runtime.Extensions|4.3.0;
                           System.Runtime.Handles|4.3.0;
                           System.Runtime.InteropServices|4.3.0;
                           System.Runtime.InteropServices.RuntimeInformation|4.3.0;
                           System.Runtime.Loader|4.3.0;
                           System.Runtime.Numerics|4.3.0;
                           System.Runtime.Serialization.Formatters|4.3.0;
                           System.Runtime.Serialization.Json|4.3.0;
                           System.Runtime.Serialization.Primitives|4.3.0;
                           System.Security.AccessControl|4.4.0;
                           System.Security.Claims|4.3.0;
                           System.Security.Cryptography.Algorithms|4.3.0;
                           System.Security.Cryptography.Csp|4.3.0;
                           System.Security.Cryptography.Encoding|4.3.0;
                           System.Security.Cryptography.Primitives|4.3.0;
                           System.Security.Cryptography.X509Certificates|4.3.0;
                           System.Security.Cryptography.Xml|4.4.0;
                           System.Security.Principal|4.3.0;
                           System.Security.Principal.Windows|4.4.0;
                           System.Text.Encoding|4.3.0;
                           System.Text.Encoding.Extensions|4.3.0;
                           System.Text.RegularExpressions|4.3.0;
                           System.Threading|4.3.0;
                           System.Threading.Overlapped|4.3.0;
                           System.Threading.Tasks|4.3.0;
                           System.Threading.Tasks.Extensions|4.3.0;
                           System.Threading.Tasks.Parallel|4.3.0;
                           System.Threading.Thread|4.3.0;
                           System.Threading.ThreadPool|4.3.0;
                           System.Threading.Timer|4.3.0;
                           System.ValueTuple|4.3.0;
                           System.Xml.ReaderWriter|4.3.0;
                           System.Xml.XDocument|4.3.0;
                           System.Xml.XmlDocument|4.3.0;
                           System.Xml.XmlSerializer|4.3.0;
                           System.Xml.XPath|4.3.0;
                           System.Xml.XPath.XDocument|4.3.0;
                         
                   PackageReference
                       H.NotifyIcon.WinUI
                           Version = 2.1.4
                       Microsoft.Windows.SDK.BuildTools
                           Version = 10.0.22621.756
                       Microsoft.WindowsAppSDK
                           Version = 1.6.240829007
                   Page
                       MainWindow.xaml
                           Generator = MSBuild:Compile
                           XamlRuntime = WinUI
                       Pages\AboutPage.xaml
                           Generator = MSBuild:Compile
                           XamlRuntime = WinUI
                       Pages\DashboardPage.xaml
                           Generator = MSBuild:Compile
                           XamlRuntime = WinUI
                       Pages\HardwareMapPage.xaml
                           Generator = MSBuild:Compile
                           XamlRuntime = WinUI
                       Pages\SettingsPage.xaml
                           Generator = MSBuild:Compile
                           XamlRuntime = WinUI
                       Pages\SliderMappingPage.xaml
                           Generator = MSBuild:Compile
                           XamlRuntime = WinUI
                       Theme\MixrTheme.xaml
                           Generator = MSBuild:Compile
                           XamlRuntime = WinUI
                   PlatformVersionDescription
                       UAP 1.0
                           OSDescription = Windows 10.0
                           NTVersion = 10.0
                           OSVersion = 10.0.0
                           TargetPlatformVersion = 0.8.0.0
                           TargetPlatformIdentifier = UAP
                       Windows
                           OSDescription = Windows 10.0
                           NTVersion = 10.0
                           OSVersion = 10.0.0
                           TargetPlatformVersion = 7.0
                           TargetPlatformIdentifier = Windows
                           TargetPlatformMinVersion = 7.0
                       Windows
                           OSDescription = Windows 10.0
                           NTVersion = 10.0
                           OSVersion = 10.0.0
                           TargetPlatformVersion = 10.0.17134.0
                           TargetPlatformIdentifier = Windows
                           TargetPlatformMinVersion = 10.0.17134.0
                       Windows
                           OSDescription = Windows 10.0
                           NTVersion = 10.0
                           OSVersion = 10.0.0
                           TargetPlatformVersion = 10.0.17763.0
                           TargetPlatformIdentifier = Windows
                           TargetPlatformMinVersion = 10.0.17134.0
                       Windows
                           OSDescription = Windows 10.0
                           NTVersion = 10.0
                           OSVersion = 10.0.0
                           TargetPlatformVersion = 10.0.18362.0
                           TargetPlatformIdentifier = Windows
                           TargetPlatformMinVersion = 10.0.17134.0
                       Windows
                           OSDescription = Windows 10.0
                           NTVersion = 10.0
                           OSVersion = 10.0.0
                           TargetPlatformVersion = 10.0.19041.0
                           TargetPlatformIdentifier = Windows
                           TargetPlatformMinVersion = 10.0.17134.0
                       Windows 8.0
                           OSDescription = Windows 8.0
                           NTVersion = 6.2
                           OSVersion = 6.2.1
                           TargetPlatformVersion = 8.0
                           TargetPlatformIdentifier = Windows
                       Windows 8.1
                           OSDescription = Windows 8.1
                           NTVersion = 6.3
                           OSVersion = 6.3.0
                           TargetPlatformVersion = 8.1
                           TargetPlatformIdentifier = Windows
                       Windows 8.2
                           OSDescription = Windows 8.2
                           NTVersion = 6.3
                           OSVersion = 6.3.0
                           TargetPlatformVersion = 8.2
                           TargetPlatformIdentifier = Windows
                   PotentialEditorConfigFiles
                       C:\.editorconfig
                       C:\Users\.editorconfig
                       C:\Users\paulm\.editorconfig
                       C:\Users\paulm\.mainroot\.editorconfig
                       C:\Users\paulm\.mainroot\Mixr\.editorconfig
                       C:\Users\paulm\.mainroot\Mixr\Mixr.App\.editorconfig
                       C:\Users\paulm\.mainroot\Mixr\Mixr.App\Converters\.editorconfig
                       C:\Users\paulm\.mainroot\Mixr\Mixr.App\Pages\.editorconfig
                       C:\Users\paulm\.mainroot\Mixr\Mixr.App\Services\.editorconfig
                   PreprocessorValue
                       assemblyname
                           Value = Mixr
                       filename
                           Value = Mixr.App.csproj
                       fullpath
                           Value = C:\Users\paulm\.mainroot\Mixr\Mixr.App
                       outputfilename
                           Value = Mixr.dll
                       rootnamespace
                           Value = Mixr_App
                   ProjectCapability
                       AllTargetOutputGroups
                       AppDesigner
                       AssemblyReferences
                       COMReferences
                       CrossPlatformExecutable
                       CSharp
                       DeclaredSourceItems
                       DWriteCore
                           Id = VersionGeneral
                       GenerateDocumentationFile
                       ImageSet
                       InteractiveExperiences
                           Id = VersionGeneral
                       InteractiveExperiences.1.6.4-dev
                           Id = VersionSpecific
                       LanguageService
                       Managed
                       Microsoft.WindowsAppSDK.DWrite.1.6.24062001
                           Id = VersionSpecific
                       Msix
                       NativeAOT
                       NetSdkOCIImageBuild
                       OutputGroups
                       Pack
                       ProjectReferences
                       ReferencesFolder
                       RelativePathDerivedDefaultNamespace
                       SharedProjectReferences
                       SingleFileGenerators
                       SupportsComputeRunCommand
                       SupportsHotReload
                       SupportUniversalAuthentication
                       UserSourceItems
                       VisualStudioWellKnownOutputGroups
                       WindowsAppContainer
                       WindowsAppSDK
                           Id = VersionGeneral
                       WindowsAppSDK.1.6.240829007
                           Id = VersionSpecific
                       WindowsUniversalMultiViews
                       WindowsXaml
                       WindowsXamlCodeBehind
                       WindowsXamlPage
                       WindowsXamlResourceDictionary
                       WindowsXamlUserControl
                       WinUI
                           Id = VersionGeneral
                       WinUI.3.0.0-stable.240828.1
                           Id = VersionSpecific
                   ProjectReference
                       ..\Mixr.Core\Mixr.Core.csproj
                           ReferenceSourceTarget = ProjectReference
                           OutputItemType = 
                           Targets = 
                   PropertyPageSchema
                       C:\Program Files\dotnet\sdk\10.0.201\\assemblyreference.xaml
                           Context = ;BrowseObject
                       C:\Program Files\dotnet\sdk\10.0.201\\COMReference.xaml
                           Context = ;BrowseObject
                       C:\Program Files\dotnet\sdk\10.0.201\\Content.xaml
                           Context = File;BrowseObject
                       C:\Program Files\dotnet\sdk\10.0.201\\CSharp.BrowseObject.xaml
                           Context = BrowseObject
                       C:\Program Files\dotnet\sdk\10.0.201\\CSharp.ProjectItemsSchema.xaml
                       C:\Program Files\dotnet\sdk\10.0.201\\CSharp.xaml
                           Context = File
                       C:\Program Files\dotnet\sdk\10.0.201\\Debugger_General.xaml
                           Context = Project
                       C:\Program Files\dotnet\sdk\10.0.201\\EmbeddedResource.xaml
                           Context = File;BrowseObject
                       C:\Program Files\dotnet\sdk\10.0.201\\Folder.xaml
                           Context = File;BrowseObject
                       C:\Program Files\dotnet\sdk\10.0.201\\General_File.xaml
                           Context = File
                       C:\Program Files\dotnet\sdk\10.0.201\\General.BrowseObject.xaml
                           Context = BrowseObject
                       C:\Program Files\dotnet\sdk\10.0.201\\General.xaml
                           Context = Project
                       C:\Program Files\dotnet\sdk\10.0.201\\None.xaml
                           Context = File;BrowseObject
                       C:\Program Files\dotnet\sdk\10.0.201\\ProjectItemsSchema.xaml
                       C:\Program Files\dotnet\sdk\10.0.201\\ProjectReference.xaml
                           Context = ;BrowseObject
                       C:\Program Files\dotnet\sdk\10.0.201\\ResolvedAssemblyReference.xaml
                           Context = ProjectSubscriptionService;BrowseObject
                       C:\Program Files\dotnet\sdk\10.0.201\\ResolvedCOMReference.xaml
                           Context = ProjectSubscriptionService;BrowseObject
                       C:\Program Files\dotnet\sdk\10.0.201\\ResolvedProjectReference.xaml
                           Context = ProjectSubscriptionService;BrowseObject
                       C:\Program Files\dotnet\sdk\10.0.201\\SCC.xaml
                           Context = Invisible
                       C:\Program Files\dotnet\sdk\10.0.201\\SpecialFolder.xaml
                           Context = File;ProjectSubscriptionService
                       C:\Users\paulm\.nuget\packages\microsoft.web.webview2\1.0.2651.64\build\\WebView2Rules.Project.xml
                           Context = Project
                       C:\Users\paulm\.nuget\packages\microsoft.windowsappsdk\1.6.240829007\buildTransitive\Rules\MsixPackageDebugPropertyPage.xaml
                           Context = Project
                       C:\Users\paulm\.nuget\packages\microsoft.windowsappsdk\1.6.240829007\buildTransitive\Rules\WindowsPackageTypePropertyPage.xaml
                           Context = Project
                   Reference
                       C:\Users\paulm\.nuget\packages\microsoft.web.webview2\1.0.2651.64\build\..\\lib_manual\net6.0-windows10.0.17763.0\Microsoft.Web.WebView2.Core.Projection.dll
                   ReferenceCopyLocalPaths
                       C:\Users\paulm\.nuget\packages\microsoft.web.webview2\1.0.2651.64\build\..\\runtimes\win-x64\native_uap\Microsoft.Web.WebView2.Core.dll
                   RegFreeComManifest
                       obj\x64\Debug\net9.0-windows10.0.22621.0\win-x64\Mixr.X.manifest
                   Resource
                       App.xaml
                           Generator = MSBuild:Compile
                           XamlRuntime = WinUI
                       MainWindow.xaml
                           Generator = MSBuild:Compile
                           XamlRuntime = WinUI
                       Pages\AboutPage.xaml
                           Generator = MSBuild:Compile
                           XamlRuntime = WinUI
                       Pages\DashboardPage.xaml
                           Generator = MSBuild:Compile
                           XamlRuntime = WinUI
                       Pages\HardwareMapPage.xaml
                           Generator = MSBuild:Compile
                           XamlRuntime = WinUI
                       Pages\SettingsPage.xaml
                           Generator = MSBuild:Compile
                           XamlRuntime = WinUI
                       Pages\SliderMappingPage.xaml
                           Generator = MSBuild:Compile
                           XamlRuntime = WinUI
                       Theme\MixrTheme.xaml
                           Generator = MSBuild:Compile
                           XamlRuntime = WinUI
                   RuntimeHostConfigurationOption
                       CSWINRT_USE_WINDOWS_UI_XAML_PROJECTIONS
                           Value = false
                           Trim = true
                       System.Runtime.Serialization.EnableUnsafeBinaryFormatterSerialization
                           Value = false
                           Trim = true
                   SdkSupportedTargetPlatformIdentifier
                       android
                           DisplayName = Android
                       ios
                           DisplayName = iOS
                       maccatalyst
                           DisplayName = MacCatalyst
                       macos
                           DisplayName = macOS
                       tvos
                           DisplayName = tvOS
                       windows
                           DisplayName = Windows
                   SdkSupportedTargetPlatformVersion
                       10.0.17763.0
                           WindowsSdkPackageVersion = 10.0.17763.57
                           MinimumNETVersion = 8.0
                       10.0.17763.0
                           WindowsSdkPackageVersion = 10.0.17763.55
                           MinimumNETVersion = 6.0
                       10.0.17763.0
                           WindowsSdkPackageVersion = 10.0.17763.26
                           MinimumNETVersion = 5.0
                       10.0.17763.1
                           NormalizedSupportedTargetPlatformVersion = 10.0.17763.0
                           WindowsSdkPackageVersion = 10.0.17763.57
                           MinimumNETVersion = 10.0
                       10.0.18362.0
                           WindowsSdkPackageVersion = 10.0.18362.55
                           MinimumNETVersion = 6.0
                       10.0.18362.0
                           WindowsSdkPackageVersion = 10.0.18362.57
                           MinimumNETVersion = 8.0
                       10.0.18362.0
                           WindowsSdkPackageVersion = 10.0.18362.26
                           MinimumNETVersion = 5.0
                       10.0.18362.1
                           NormalizedSupportedTargetPlatformVersion = 10.0.18362.0
                           WindowsSdkPackageVersion = 10.0.18362.57
                           MinimumNETVersion = 10.0
                       10.0.19041.0
                           WindowsSdkPackageVersion = 10.0.19041.55
                           MinimumNETVersion = 6.0
                       10.0.19041.0
                           WindowsSdkPackageVersion = 10.0.19041.26
                           MinimumNETVersion = 5.0
                       10.0.19041.0
                           WindowsSdkPackageVersion = 10.0.19041.57
                           MinimumNETVersion = 8.0
                       10.0.19041.1
                           NormalizedSupportedTargetPlatformVersion = 10.0.19041.0
                           WindowsSdkPackageVersion = 10.0.19041.57
                           MinimumNETVersion = 10.0
                       10.0.20348.0
                           WindowsSdkPackageVersion = 10.0.20348.55
                           MinimumNETVersion = 6.0
                       10.0.20348.0
                           WindowsSdkPackageVersion = 10.0.20348.26
                           MinimumNETVersion = 5.0
                       10.0.20348.0
                           WindowsSdkPackageVersion = 10.0.20348.57
                           MinimumNETVersion = 8.0
                       10.0.20348.1
                           NormalizedSupportedTargetPlatformVersion = 10.0.20348.0
                           WindowsSdkPackageVersion = 10.0.20348.57
                           MinimumNETVersion = 10.0
                       10.0.22000.0
                           WindowsSdkPackageVersion = 10.0.22000.57
                           MinimumNETVersion = 8.0
                       10.0.22000.0
                           WindowsSdkPackageVersion = 10.0.22000.55
                           MinimumNETVersion = 6.0
                       10.0.22000.0
                           WindowsSdkPackageVersion = 10.0.22000.26
                           MinimumNETVersion = 5.0
                       10.0.22000.1
                           NormalizedSupportedTargetPlatformVersion = 10.0.22000.0
                           WindowsSdkPackageVersion = 10.0.22000.57
                           MinimumNETVersion = 10.0
                       10.0.22621.0
                           WindowsSdkPackageVersion = 10.0.22621.57
                           MinimumNETVersion = 8.0
                       10.0.22621.0
                           WindowsSdkPackageVersion = 10.0.22621.55
                           MinimumNETVersion = 6.0
                       10.0.22621.1
                           NormalizedSupportedTargetPlatformVersion = 10.0.22621.0
                           WindowsSdkPackageVersion = 10.0.22621.57
                           MinimumNETVersion = 10.0
                       10.0.26100.0
                           WindowsSdkPackageVersion = 10.0.26100.55
                           MinimumNETVersion = 6.0
                       10.0.26100.0
                           WindowsSdkPackageVersion = 10.0.26100.57
                           MinimumNETVersion = 8.0
                       10.0.26100.1
                           NormalizedSupportedTargetPlatformVersion = 10.0.26100.0
                           WindowsSdkPackageVersion = 10.0.26100.57
                           MinimumNETVersion = 10.0
                       7.0
                       8.0
                   SourceLinkAzureReposGitHost
                       dev.azure.com
                       visualstudio.com
                       vsts.me
                   SourceLinkBitbucketGitHost
                       bitbucket.org
                           EnterpriseEdition = false
                   SourceLinkGitHubHost
                       github.com
                           ContentUrl = https://raw.githubusercontent.com
                   SourceLinkGitLabHost
                       gitlab.com
                   SourceRoot
                       C:\Program Files (x86)\Microsoft Visual Studio\Shared\NuGetPackages\
                       C:\Users\paulm\.nuget\packages\
                   SupportedNETCoreAppTargetFramework
                       .NETCoreApp,Version=v1.0
                           DisplayName = .NET Core 1.0
                           Alias = netcoreapp1.0
                       .NETCoreApp,Version=v1.1
                           DisplayName = .NET Core 1.1
                           Alias = netcoreapp1.1
                       .NETCoreApp,Version=v10.0
                           DisplayName = .NET 10.0
                           Alias = net10.0
                       .NETCoreApp,Version=v2.0
                           DisplayName = .NET Core 2.0
                           Alias = netcoreapp2.0
                       .NETCoreApp,Version=v2.1
                           DisplayName = .NET Core 2.1
                           Alias = netcoreapp2.1
                       .NETCoreApp,Version=v2.2
                           DisplayName = .NET Core 2.2
                           Alias = netcoreapp2.2
                       .NETCoreApp,Version=v3.0
                           DisplayName = .NET Core 3.0
                           Alias = netcoreapp3.0
                       .NETCoreApp,Version=v3.1
                           DisplayName = .NET Core 3.1
                           Alias = netcoreapp3.1
                       .NETCoreApp,Version=v5.0
                           DisplayName = .NET 5.0
                           Alias = net5.0
                       .NETCoreApp,Version=v6.0
                           DisplayName = .NET 6.0
                           Alias = net6.0
                       .NETCoreApp,Version=v7.0
                           DisplayName = .NET 7.0
                           Alias = net7.0
                       .NETCoreApp,Version=v8.0
                           DisplayName = .NET 8.0
                           Alias = net8.0
                       .NETCoreApp,Version=v9.0
                           DisplayName = .NET 9.0
                           Alias = net9.0
                   SupportedNETFrameworkTargetFramework
                       .NETFramework,Version=v2.0
                           DisplayName = .NET Framework 2.0
                           Alias = net20
                       .NETFramework,Version=v3.0
                           DisplayName = .NET Framework 3.0
                           Alias = net30
                       .NETFramework,Version=v3.5
                           DisplayName = .NET Framework 3.5
                           Alias = net35
                       .NETFramework,Version=v4.0
                           DisplayName = .NET Framework 4.0
                           Alias = net40
                       .NETFramework,Version=v4.5
                           DisplayName = .NET Framework 4.5
                           Alias = net45
                       .NETFramework,Version=v4.5.1
                           DisplayName = .NET Framework 4.5.1
                           Alias = net451
                       .NETFramework,Version=v4.5.2
                           DisplayName = .NET Framework 4.5.2
                           Alias = net452
                       .NETFramework,Version=v4.6
                           DisplayName = .NET Framework 4.6
                           Alias = net46
                       .NETFramework,Version=v4.6.1
                           DisplayName = .NET Framework 4.6.1
                           Alias = net461
                       .NETFramework,Version=v4.6.2
                           DisplayName = .NET Framework 4.6.2
                           Alias = net462
                       .NETFramework,Version=v4.7
                           DisplayName = .NET Framework 4.7
                           Alias = net47
                       .NETFramework,Version=v4.7.1
                           DisplayName = .NET Framework 4.7.1
                           Alias = net471
                       .NETFramework,Version=v4.7.2
                           DisplayName = .NET Framework 4.7.2
                           Alias = net472
                       .NETFramework,Version=v4.8
                           DisplayName = .NET Framework 4.8
                           Alias = net48
                       .NETFramework,Version=v4.8.1
                           DisplayName = .NET Framework 4.8.1
                           Alias = net481
                   SupportedNETStandardTargetFramework
                       .NETStandard,Version=v1.0
                           DisplayName = .NET Standard 1.0
                           Alias = netstandard1.0
                       .NETStandard,Version=v1.1
                           DisplayName = .NET Standard 1.1
                           Alias = netstandard1.1
                       .NETStandard,Version=v1.2
                           DisplayName = .NET Standard 1.2
                           Alias = netstandard1.2
                       .NETStandard,Version=v1.3
                           DisplayName = .NET Standard 1.3
                           Alias = netstandard1.3
                       .NETStandard,Version=v1.4
                           DisplayName = .NET Standard 1.4
                           Alias = netstandard1.4
                       .NETStandard,Version=v1.5
                           DisplayName = .NET Standard 1.5
                           Alias = netstandard1.5
                       .NETStandard,Version=v1.6
                           DisplayName = .NET Standard 1.6
                           Alias = netstandard1.6
                       .NETStandard,Version=v2.0
                           DisplayName = .NET Standard 2.0
                           Alias = netstandard2.0
                       .NETStandard,Version=v2.1
                           DisplayName = .NET Standard 2.1
                           Alias = netstandard2.1
                   SupportedPlatform
                       Linux
                       macOS
                       Windows
                   SupportedTargetFramework
                       .NETCoreApp,Version=v1.0
                           DisplayName = .NET Core 1.0
                           Alias = netcoreapp1.0
                       .NETCoreApp,Version=v1.1
                           DisplayName = .NET Core 1.1
                           Alias = netcoreapp1.1
                       .NETCoreApp,Version=v10.0
                           DisplayName = .NET 10.0
                           Alias = net10.0
                       .NETCoreApp,Version=v2.0
                           DisplayName = .NET Core 2.0
                           Alias = netcoreapp2.0
                       .NETCoreApp,Version=v2.1
                           DisplayName = .NET Core 2.1
                           Alias = netcoreapp2.1
                       .NETCoreApp,Version=v2.2
                           DisplayName = .NET Core 2.2
                           Alias = netcoreapp2.2
                       .NETCoreApp,Version=v3.0
                           DisplayName = .NET Core 3.0
                           Alias = netcoreapp3.0
                       .NETCoreApp,Version=v3.1
                           DisplayName = .NET Core 3.1
                           Alias = netcoreapp3.1
                       .NETCoreApp,Version=v5.0
                           DisplayName = .NET 5.0
                           Alias = net5.0
                       .NETCoreApp,Version=v6.0
                           DisplayName = .NET 6.0
                           Alias = net6.0
                       .NETCoreApp,Version=v7.0
                           DisplayName = .NET 7.0
                           Alias = net7.0
                       .NETCoreApp,Version=v8.0
                           DisplayName = .NET 8.0
                           Alias = net8.0
                       .NETCoreApp,Version=v9.0
                           DisplayName = .NET 9.0
                           Alias = net9.0
                       .NETFramework,Version=v2.0
                           DisplayName = .NET Framework 2.0
                           Alias = net20
                       .NETFramework,Version=v3.0
                           DisplayName = .NET Framework 3.0
                           Alias = net30
                       .NETFramework,Version=v3.5
                           DisplayName = .NET Framework 3.5
                           Alias = net35
                       .NETFramework,Version=v4.0
                           DisplayName = .NET Framework 4.0
                           Alias = net40
                       .NETFramework,Version=v4.5
                           DisplayName = .NET Framework 4.5
                           Alias = net45
                       .NETFramework,Version=v4.5.1
                           DisplayName = .NET Framework 4.5.1
                           Alias = net451
                       .NETFramework,Version=v4.5.2
                           DisplayName = .NET Framework 4.5.2
                           Alias = net452
                       .NETFramework,Version=v4.6
                           DisplayName = .NET Framework 4.6
                           Alias = net46
                       .NETFramework,Version=v4.6.1
                           DisplayName = .NET Framework 4.6.1
                           Alias = net461
                       .NETFramework,Version=v4.6.2
                           DisplayName = .NET Framework 4.6.2
                           Alias = net462
                       .NETFramework,Version=v4.7
                           DisplayName = .NET Framework 4.7
                           Alias = net47
                       .NETFramework,Version=v4.7.1
                           DisplayName = .NET Framework 4.7.1
                           Alias = net471
                       .NETFramework,Version=v4.7.2
                           DisplayName = .NET Framework 4.7.2
                           Alias = net472
                       .NETFramework,Version=v4.8
                           DisplayName = .NET Framework 4.8
                           Alias = net48
                       .NETFramework,Version=v4.8.1
                           DisplayName = .NET Framework 4.8.1
                           Alias = net481
                       .NETStandard,Version=v1.0
                           DisplayName = .NET Standard 1.0
                           Alias = netstandard1.0
                       .NETStandard,Version=v1.1
                           DisplayName = .NET Standard 1.1
                           Alias = netstandard1.1
                       .NETStandard,Version=v1.2
                           DisplayName = .NET Standard 1.2
                           Alias = netstandard1.2
                       .NETStandard,Version=v1.3
                           DisplayName = .NET Standard 1.3
                           Alias = netstandard1.3
                       .NETStandard,Version=v1.4
                           DisplayName = .NET Standard 1.4
                           Alias = netstandard1.4
                       .NETStandard,Version=v1.5
                           DisplayName = .NET Standard 1.5
                           Alias = netstandard1.5
                       .NETStandard,Version=v1.6
                           DisplayName = .NET Standard 1.6
                           Alias = netstandard1.6
                       .NETStandard,Version=v2.0
                           DisplayName = .NET Standard 2.0
                           Alias = netstandard2.0
                       .NETStandard,Version=v2.1
                           DisplayName = .NET Standard 2.1
                           Alias = netstandard2.1
                   Using
                       System
                       System.Collections.Generic
                       System.IO
                       System.Linq
                       System.Net.Http
                       System.Threading
                       System.Threading.Tasks
                   WindowsSdkSupportedTargetPlatformVersion
                       10.0.17763.0
                           WindowsSdkPackageVersion = 10.0.17763.57
                           MinimumNETVersion = 8.0
                       10.0.17763.0
                           WindowsSdkPackageVersion = 10.0.17763.55
                           MinimumNETVersion = 6.0
                       10.0.17763.0
                           WindowsSdkPackageVersion = 10.0.17763.26
                           MinimumNETVersion = 5.0
                       10.0.17763.1
                           WindowsSdkPackageVersion = 10.0.17763.57
                           MinimumNETVersion = 10.0
                       10.0.18362.0
                           WindowsSdkPackageVersion = 10.0.18362.55
                           MinimumNETVersion = 6.0
                       10.0.18362.0
                           WindowsSdkPackageVersion = 10.0.18362.57
                           MinimumNETVersion = 8.0
                       10.0.18362.0
                           WindowsSdkPackageVersion = 10.0.18362.26
                           MinimumNETVersion = 5.0
                       10.0.18362.1
                           WindowsSdkPackageVersion = 10.0.18362.57
                           MinimumNETVersion = 10.0
                       10.0.19041.0
                           WindowsSdkPackageVersion = 10.0.19041.55
                           MinimumNETVersion = 6.0
                       10.0.19041.0
                           WindowsSdkPackageVersion = 10.0.19041.26
                           MinimumNETVersion = 5.0
                       10.0.19041.0
                           WindowsSdkPackageVersion = 10.0.19041.57
                           MinimumNETVersion = 8.0
                       10.0.19041.1
                           WindowsSdkPackageVersion = 10.0.19041.57
                           MinimumNETVersion = 10.0
                       10.0.20348.0
                           WindowsSdkPackageVersion = 10.0.20348.55
                           MinimumNETVersion = 6.0
                       10.0.20348.0
                           WindowsSdkPackageVersion = 10.0.20348.26
                           MinimumNETVersion = 5.0
                       10.0.20348.0
                           WindowsSdkPackageVersion = 10.0.20348.57
                           MinimumNETVersion = 8.0
                       10.0.20348.1
                           WindowsSdkPackageVersion = 10.0.20348.57
                           MinimumNETVersion = 10.0
                       10.0.22000.0
                           WindowsSdkPackageVersion = 10.0.22000.57
                           MinimumNETVersion = 8.0
                       10.0.22000.0
                           WindowsSdkPackageVersion = 10.0.22000.55
                           MinimumNETVersion = 6.0
                       10.0.22000.0
                           WindowsSdkPackageVersion = 10.0.22000.26
                           MinimumNETVersion = 5.0
                       10.0.22000.1
                           WindowsSdkPackageVersion = 10.0.22000.57
                           MinimumNETVersion = 10.0
                       10.0.22621.0
                           WindowsSdkPackageVersion = 10.0.22621.57
                           MinimumNETVersion = 8.0
                       10.0.22621.0
                           WindowsSdkPackageVersion = 10.0.22621.55
                           MinimumNETVersion = 6.0
                       10.0.22621.1
                           WindowsSdkPackageVersion = 10.0.22621.57
                           MinimumNETVersion = 10.0
                       10.0.26100.0
                           WindowsSdkPackageVersion = 10.0.26100.55
                           MinimumNETVersion = 6.0
                       10.0.26100.0
                           WindowsSdkPackageVersion = 10.0.26100.57
                           MinimumNETVersion = 8.0
                       10.0.26100.1
                           WindowsSdkPackageVersion = 10.0.26100.57
                           MinimumNETVersion = 10.0
                       7.0
                       8.0
                   XamlFeatureControlFlags
                       EnableDefaultValidationContextGeneration
                       EnableWin32Codegen
                       EnableXBindDiagnostics
                       UsingCSWinRT
                   XamlIntermediateAssembly
                       obj\x64\Debug\net9.0-windows10.0.22621.0\win-x64\intermediatexaml\Mixr.dll

20:41:47.010     1>Project "C:\Users\paulm\.mainroot\Mixr\Mixr.App\Mixr.App.csproj" on node 1 (MarkupCompilePass1 target(s)).
20:41:47.016     1>Target "GetVCInstallPath: (TargetId:2)" in file "C:\Users\paulm\.nuget\packages\microsoft.windowsappsdk\1.6.240829007\buildTransitive\Microsoft.UI.Xaml.Markup.Compiler.interop.targets" from project "C:\Users\paulm\.mainroot\Mixr\Mixr.App\Mixr.App.csproj" (target "MarkupCompilePass1" depends on it):
20:41:47.023     1>Done building target "GetVCInstallPath" in project "Mixr.App.csproj".: (TargetId:2)
20:41:47.023     1>Target "_ValidatePresenceOfAppxManifestItems: (TargetId:3)" in file "C:\Users\paulm\.nuget\packages\microsoft.windowsappsdk\1.6.240829007\buildTransitive\Microsoft.Build.Msix.Packaging.targets" from project "C:\Users\paulm\.mainroot\Mixr\Mixr.App\Mixr.App.csproj" (target "CalculateAppxGenerateProjectPriEnabled" depends on it):
                   Using "WinAppSdkValidateAppxManifestItems" task from assembly "C:\Users\paulm\.nuget\packages\microsoft.windowsappsdk\1.6.240829007\buildTransitive\..\tools\net6.0\Microsoft.Build.Msix.dll".
                   Task "WinAppSdkValidateAppxManifestItems" (TaskId:2)
                     Task Parameter:
                         AppxManifestItems=
                             Package.appxmanifest
                                     SubType=Designer (TaskId:2)
                     Output Property: AppxManifestIdentityName=423B40D0-CA63-48D8-9B2B-E244F57201FD (TaskId:2)
                     Output Property: AppxManifestIdentityVersion=1.0.0.0 (TaskId:2)
                   Done executing task "WinAppSdkValidateAppxManifestItems". (TaskId:2)
                   Added Item(s): 
                       SourceAppxManifest=
                           Package.appxmanifest
                                   SubType=Designer
                   Set Property: _CustomAppxManifestUsed=false
20:41:47.038     1>Done building target "_ValidatePresenceOfAppxManifestItems" in project "Mixr.App.csproj".: (TargetId:3)
20:41:47.038     1>Target "CalculateAppxGenerateProjectPriEnabled: (TargetId:4)" in file "C:\Users\paulm\.nuget\packages\microsoft.windowsappsdk\1.6.240829007\buildTransitive\Microsoft.Build.Msix.Pri.targets" from project "C:\Users\paulm\.mainroot\Mixr\Mixr.App\Mixr.App.csproj" (target "GetPriIndexName" depends on it):
                   Added Item(s): 
                       _XamlItemsFiltered=
                           MainWindow.xaml
                                   Generator=MSBuild:Compile
                                   XamlRuntime=WinUI
                           Pages\AboutPage.xaml
                                   Generator=MSBuild:Compile
                                   XamlRuntime=WinUI
                           Pages\DashboardPage.xaml
                                   Generator=MSBuild:Compile
                                   XamlRuntime=WinUI
                           Pages\HardwareMapPage.xaml
                                   Generator=MSBuild:Compile
                                   XamlRuntime=WinUI
                           Pages\SettingsPage.xaml
                                   Generator=MSBuild:Compile
                                   XamlRuntime=WinUI
                           Pages\SliderMappingPage.xaml
                                   Generator=MSBuild:Compile
                                   XamlRuntime=WinUI
                           Theme\MixrTheme.xaml
                                   Generator=MSBuild:Compile
                                   XamlRuntime=WinUI
                   Added Item(s): 
                       _XamlItemsFiltered=
                           App.xaml
                                   Generator=MSBuild:Compile
                                   XamlRuntime=WinUI
                   Set Property: AppxGeneratePriEnabled=true
                   Set Property: AppxGeneratePriEnabled=true
                   Set Property: ProjectPriIndexName=423B40D0-CA63-48D8-9B2B-E244F57201FD
                   Set Property: PriInitialPath=
                   Set Property: ProjectPriFileName=resources.pri
                   Set Property: ProjectPriFullPath=C:\Users\paulm\.mainroot\Mixr\Mixr.App\bin\x64\Debug\net9.0-windows10.0.22621.0\win-x64\resources.pri
20:41:47.038     1>Done building target "CalculateAppxGenerateProjectPriEnabled" in project "Mixr.App.csproj".: (TargetId:4)
20:41:47.038     1>Target "GetPriIndexName: (TargetId:5)" in file "C:\Users\paulm\.nuget\packages\microsoft.windowsappsdk\1.6.240829007\buildTransitive\Microsoft.UI.Xaml.Markup.Compiler.interop.targets" from project "C:\Users\paulm\.mainroot\Mixr\Mixr.App\Mixr.App.csproj" (target "MarkupCompilePass1" depends on it):
                   Set Property: PriIndexName=
20:41:47.038     1>Done building target "GetPriIndexName" in project "Mixr.App.csproj".: (TargetId:5)
20:41:47.038     1>Target "_UpdatePriIndex: (TargetId:6)" in file "C:\Users\paulm\.nuget\packages\microsoft.windowsappsdk\1.6.240829007\buildTransitive\Microsoft.Build.Msix.Common.props" from project "C:\Users\paulm\.mainroot\Mixr\Mixr.App\Mixr.App.csproj" (target "MarkupCompilePass1" depends on it):
                   Set Property: PriIndexName=
20:41:47.038     1>Done building target "_UpdatePriIndex" in project "Mixr.App.csproj".: (TargetId:6)
20:41:47.038     1>Target "GetPrecompiledHeaderFile: (TargetId:7)" in file "C:\Users\paulm\.nuget\packages\microsoft.windowsappsdk\1.6.240829007\buildTransitive\Microsoft.UI.Xaml.Markup.Compiler.interop.targets" from project "C:\Users\paulm\.mainroot\Mixr\Mixr.App\Mixr.App.csproj" (target "MarkupCompilePass1" depends on it):
                   Set Property: PrecompiledHeaderFile=
20:41:47.038     1>Done building target "GetPrecompiledHeaderFile" in project "Mixr.App.csproj".: (TargetId:7)
20:41:47.038     1>Target "_OverrideGetPriIndexName: (TargetId:8)" in file "C:\Users\paulm\.nuget\packages\microsoft.windowsappsdk\1.6.240829007\buildTransitive\Microsoft.WindowsAppSDK.SelfContained.targets" from project "C:\Users\paulm\.mainroot\Mixr\Mixr.App\Mixr.App.csproj" (target "MarkupCompilePass1" depends on it):
                   Set Property: PriIndexName=
20:41:47.038     1>Done building target "_OverrideGetPriIndexName" in project "Mixr.App.csproj".: (TargetId:8)
20:41:47.038     1>Target "MarkupCompilePass1: (TargetId:9)" in file "C:\Users\paulm\.nuget\packages\microsoft.windowsappsdk\1.6.240829007\buildTransitive\Microsoft.UI.Xaml.Markup.Compiler.interop.targets" from project "C:\Users\paulm\.mainroot\Mixr\Mixr.App\Mixr.App.csproj" (entry point):
                   Using "MakeDir" task from assembly "Microsoft.Build.Tasks.Core, Version=15.1.0.0, Culture=neutral, PublicKeyToken=b03f5f7f11d50a3a".
                   Task "MakeDir" (TaskId:3)
                     Task Parameter:Directories=obj\x64\Debug\net9.0-windows10.0.22621.0\win-x64\intermediatexaml\ (TaskId:3)
                   Done executing task "MakeDir". (TaskId:3)
                   Set Property: XamlCompilerExeInputJson=obj\x64\Debug\net9.0-windows10.0.22621.0\win-x64\\input.json
                   Set Property: XamlCompilerExeOutputJson=obj\x64\Debug\net9.0-windows10.0.22621.0\win-x64\\output.json
                   Assembly loaded during TaskRun: Microsoft.UI.Xaml.Markup.Compiler.IO, Version=3.0.0.2408, Culture=neutral, PublicKeyToken=de31ebe4ad15742b (location: C:\Users\paulm\.nuget\packages\microsoft.windowsappsdk\1.6.240829007\tools\net6.0\Microsoft.UI.Xaml.Markup.Compiler.IO.dll, MVID: 9e604874-3e87-48f3-8fe9-71b018dcc48c, AssemblyLoadContext: MSBuild plugin C:\Users\paulm\.nuget\packages\microsoft.windowsappsdk\1.6.240829007\tools\net6.0\Microsoft.UI.Xaml.Markup.Compiler.IO.dll)
                   Assembly loaded during TaskRun: Microsoft.UI.Xaml.Markup.Compiler.MSBuildInterop, Version=3.0.0.2408, Culture=neutral, PublicKeyToken=de31ebe4ad15742b (location: C:\Users\paulm\.nuget\packages\microsoft.windowsappsdk\1.6.240829007\tools\net6.0\Microsoft.UI.Xaml.Markup.Compiler.MSBuildInterop.dll, MVID: cca2311b-0ea0-400f-acb8-b810b91cd353, AssemblyLoadContext: MSBuild plugin C:\Users\paulm\.nuget\packages\microsoft.windowsappsdk\1.6.240829007\tools\net6.0\Microsoft.UI.Xaml.Markup.Compiler.IO.dll)
                   Using "InputSerializer" task from assembly "C:\Users\paulm\.nuget\packages\microsoft.windowsappsdk\1.6.240829007\buildTransitive\..\tools\net6.0\Microsoft.UI.Xaml.Markup.Compiler.IO.dll".
                   Task "InputSerializer" (TaskId:4)
                     Task Parameter:FeatureControlFlags=EnableXBindDiagnostics;EnableDefaultValidationContextGeneration;EnableWin32Codegen;UsingCSWinRT (TaskId:4)
                     Task Parameter:XAMLFingerprint=True (TaskId:4)
                     Task Parameter:WindowsSdkPath=C:\Program Files (x86)\Windows Kits\10\ (TaskId:4)
                     Task Parameter:FingerprintIgnorePaths=C:\Program Files (x86)\Windows Kits\10\ (TaskId:4)
                     Task Parameter:JsonFilePath=obj\x64\Debug\net9.0-windows10.0.22621.0\win-x64\\input.json (TaskId:4)
                     Task Parameter:Language=C# (TaskId:4)
                     Task Parameter:ProjectName=Mixr.App (TaskId:4)
                     Task Parameter:GenXbfPath=C:\Users\paulm\.nuget\packages\microsoft.windowsappsdk\1.6.240829007\buildTransitive\..\tools\net6.0\..\ (TaskId:4)
                     Task Parameter:TargetPlatformMinVersion=10.0.17763.0 (TaskId:4)
                     Task Parameter:OutputPath=obj\x64\Debug\net9.0-windows10.0.22621.0\win-x64\ (TaskId:4)
                     Task Parameter:LanguageSourceExtension=.cs (TaskId:4)
                     Task Parameter:ProjectPath=C:\Users\paulm\.mainroot\Mixr\Mixr.App\Mixr.App.csproj (TaskId:4)
                     Task Parameter:
                         XamlApplications=
                             App.xaml
                                     Generator=MSBuild:Compile
                                     XamlRuntime=WinUI (TaskId:4)
                     Task Parameter:CompileMode=RealBuildPass1 (TaskId:4)
                     Task Parameter:
                         XamlPages=
                             MainWindow.xaml
                                     Generator=MSBuild:Compile
                                     XamlRuntime=WinUI
                             Pages\AboutPage.xaml
                                     Generator=MSBuild:Compile
                                     XamlRuntime=WinUI
                             Pages\DashboardPage.xaml
                                     Generator=MSBuild:Compile
                                     XamlRuntime=WinUI
                             Pages\HardwareMapPage.xaml
                                     Generator=MSBuild:Compile
                                     XamlRuntime=WinUI
                             Pages\SettingsPage.xaml
                                     Generator=MSBuild:Compile
                                     XamlRuntime=WinUI
                             Pages\SliderMappingPage.xaml
                                     Generator=MSBuild:Compile
                                     XamlRuntime=WinUI
                             Theme\MixrTheme.xaml
                                     Generator=MSBuild:Compile
                                     XamlRuntime=WinUI (TaskId:4)
                     Task Parameter:RootNamespace=Mixr_App (TaskId:4)
                     Task Parameter:SavedStateFile=obj\x64\Debug\net9.0-windows10.0.22621.0\win-x64\\XamlSaveStateFile.xml (TaskId:4)
                     Task Parameter:ForceSharedStateShutdown=False (TaskId:4)
                     Task Parameter:IsPass1=True (TaskId:4)
                     Task Parameter:OutputType=WinExe (TaskId:4)
                     Assembly loaded during TaskRun (Microsoft.UI.Xaml.Markup.Compiler.IO.InputSerializer): System.Text.Json, Version=6.0.0.0, Culture=neutral, PublicKeyToken=cc7b13ffcd2ddd51 (location: C:\Users\paulm\.nuget\packages\microsoft.windowsappsdk\1.6.240829007\tools\net6.0\System.Text.Json.dll, MVID: 086d512a-2bc5-4265-aa92-dae69baacd13, AssemblyLoadContext: MSBuild plugin C:\Users\paulm\.nuget\packages\microsoft.windowsappsdk\1.6.240829007\tools\net6.0\Microsoft.UI.Xaml.Markup.Compiler.IO.dll) (TaskId:4)
                     Assembly loaded during TaskRun (Microsoft.UI.Xaml.Markup.Compiler.IO.InputSerializer): Microsoft.Bcl.AsyncInterfaces, Version=6.0.0.0, Culture=neutral, PublicKeyToken=cc7b13ffcd2ddd51 (location: C:\Users\paulm\.nuget\packages\microsoft.windowsappsdk\1.6.240829007\tools\net6.0\Microsoft.Bcl.AsyncInterfaces.dll, MVID: b2422c07-7a9d-4584-af3f-f1d7011f6a5a, AssemblyLoadContext: MSBuild plugin C:\Users\paulm\.nuget\packages\microsoft.windowsappsdk\1.6.240829007\tools\net6.0\Microsoft.UI.Xaml.Markup.Compiler.IO.dll) (TaskId:4)
                     Assembly loaded during TaskRun (Microsoft.UI.Xaml.Markup.Compiler.IO.InputSerializer): System.Text.Encodings.Web, Version=6.0.0.0, Culture=neutral, PublicKeyToken=cc7b13ffcd2ddd51 (location: C:\Users\paulm\.nuget\packages\microsoft.windowsappsdk\1.6.240829007\tools\net6.0\System.Text.Encodings.Web.dll, MVID: c7521d8a-f0e7-4fc7-b157-923bd9b7a91e, AssemblyLoadContext: MSBuild plugin C:\Users\paulm\.nuget\packages\microsoft.windowsappsdk\1.6.240829007\tools\net6.0\Microsoft.UI.Xaml.Markup.Compiler.IO.dll) (TaskId:4)
                     Assembly loaded during TaskRun (Microsoft.UI.Xaml.Markup.Compiler.IO.InputSerializer): mscorlib, Version=4.0.0.0, Culture=neutral, PublicKeyToken=b77a5c561934e089 (location: C:\Program Files\dotnet\shared\Microsoft.NETCore.App\10.0.5\mscorlib.dll, MVID: 8c368688-e63f-4b7a-9348-5c85a5958fa8, AssemblyLoadContext: Default) (TaskId:4)
                     Assembly loaded during TaskRun (Microsoft.UI.Xaml.Markup.Compiler.IO.InputSerializer): System.Core, Version=4.0.0.0, Culture=neutral, PublicKeyToken=b77a5c561934e089 (location: C:\Program Files\dotnet\shared\Microsoft.NETCore.App\10.0.5\System.Core.dll, MVID: 0c9e7645-4358-4a80-b012-3e948485cfdf, AssemblyLoadContext: Default) (TaskId:4)
                     Assembly loaded during TaskRun (Microsoft.UI.Xaml.Markup.Compiler.IO.InputSerializer): System.Threading.Tasks.Extensions, Version=10.0.0.0, Culture=neutral, PublicKeyToken=cc7b13ffcd2ddd51 (location: C:\Program Files\dotnet\shared\Microsoft.NETCore.App\10.0.5\System.Threading.Tasks.Extensions.dll, MVID: 7ff9c827-559d-42d6-8817-ba0e5e9ebe64, AssemblyLoadContext: Default) (TaskId:4)
                     Assembly loaded during TaskRun (Microsoft.UI.Xaml.Markup.Compiler.IO.InputSerializer): System.Buffers, Version=10.0.0.0, Culture=neutral, PublicKeyToken=cc7b13ffcd2ddd51 (location: C:\Program Files\dotnet\shared\Microsoft.NETCore.App\10.0.5\System.Buffers.dll, MVID: d4cfd973-d670-4221-9ff9-9e4c0ca2f86c, AssemblyLoadContext: Default) (TaskId:4)
                   Done executing task "InputSerializer". (TaskId:4)
                   Using "Exec" task from assembly "Microsoft.Build.Tasks.Core, Version=15.1.0.0, Culture=neutral, PublicKeyToken=b03f5f7f11d50a3a".
                   Task "Exec" (TaskId:5)
                     Task Parameter:Command="C:\Users\paulm\.nuget\packages\microsoft.windowsappsdk\1.6.240829007\buildTransitive\..\tools\net6.0\..\net472\XamlCompiler.exe" "obj\x64\Debug\net9.0-windows10.0.22621.0\win-x64\\input.json" "obj\x64\Debug\net9.0-windows10.0.22621.0\win-x64\\output.json" (TaskId:5)
                     "C:\Users\paulm\.nuget\packages\microsoft.windowsappsdk\1.6.240829007\buildTransitive\..\tools\net6.0\..\net472\XamlCompiler.exe" "obj\x64\Debug\net9.0-windows10.0.22621.0\win-x64\\input.json" "obj\x64\Debug\net9.0-windows10.0.22621.0\win-x64\\output.json" (TaskId:5)
20:41:47.459     1>C:\Users\paulm\.nuget\packages\microsoft.windowsappsdk\1.6.240829007\buildTransitive\Microsoft.UI.Xaml.Markup.Compiler.interop.targets(590,9): error MSB3073: The command ""C:\Users\paulm\.nuget\packages\microsoft.windowsappsdk\1.6.240829007\buildTransitive\..\tools\net6.0\..\net472\XamlCompiler.exe" "obj\x64\Debug\net9.0-windows10.0.22621.0\win-x64\\input.json" "obj\x64\Debug\net9.0-windows10.0.22621.0\win-x64\\output.json"" exited with code 1. [C:\Users\paulm\.mainroot\Mixr\Mixr.App\Mixr.App.csproj]
                   Done executing task "Exec" -- FAILED. (TaskId:5)
20:41:47.459     1>Done building target "MarkupCompilePass1" in project "Mixr.App.csproj" -- FAILED.: (TargetId:9)
20:41:47.461     1>Done Building Project "C:\Users\paulm\.mainroot\Mixr\Mixr.App\Mixr.App.csproj" (MarkupCompilePass1 target(s)) -- FAILED.

Build FAILED.

                   "C:\Users\paulm\.mainroot\Mixr\Mixr.App\Mixr.App.csproj" (MarkupCompilePass1 target) (1) ->
                   (MarkupCompilePass1 target) -> 
                     C:\Users\paulm\.nuget\packages\microsoft.windowsappsdk\1.6.240829007\buildTransitive\Microsoft.UI.Xaml.Markup.Compiler.interop.targets(590,9): error MSB3073: The command ""C:\Users\paulm\.nuget\packages\microsoft.windowsappsdk\1.6.240829007\buildTransitive\..\tools\net6.0\..\net472\XamlCompiler.exe" "obj\x64\Debug\net9.0-windows10.0.22621.0\win-x64\\input.json" "obj\x64\Debug\net9.0-windows10.0.22621.0\win-x64\\output.json"" exited with code 1. [C:\Users\paulm\.mainroot\Mixr\Mixr.App\Mixr.App.csproj]

    0 Warning(s)
    1 Error(s)

Time Elapsed 00:00:00.78
